time,temp_1,temp_2,type_of_heating_foil
Wed Dec 22 22:14:29 2021,-6.7,-7.2,HD3025G_30W
Wed Dec 22 22:14:32 2021,-6.7,-7.2,HD3025G_30W
Wed Dec 22 22:14:34 2021,-6.7,-7.2,HD3025G_30W
Wed Dec 22 22:14:37 2021,-6.7,-7.2,HD3025G_30W
Wed Dec 22 22:14:39 2021,-6.7,-7.2,HD3025G_30W
Wed Dec 22 22:14:41 2021,-6.6,-7.2,HD3025G_30W
Wed Dec 22 22:14:43 2021,-6.6,-7.2,HD3025G_30W
Wed Dec 22 22:14:45 2021,-6.6,-7.2,HD3025G_30W
Wed Dec 22 22:14:48 2021,-6.6,-7.2,HD3025G_30W
Wed Dec 22 22:14:50 2021,-6.6,-7.2,HD3025G_30W
Wed Dec 22 22:14:52 2021,-6.6,-7.2,HD3025G_30W
Wed Dec 22 22:14:54 2021,-6.6,-7.2,HD3025G_30W
Wed Dec 22 22:14:57 2021,-6.6,-7.2,HD3025G_30W
Wed Dec 22 22:14:59 2021,-6.5,-7.2,HD3025G_30W
Wed Dec 22 22:15:02 2021,-6.5,-7.2,HD3025G_30W
Wed Dec 22 22:15:04 2021,-6.5,-7.2,HD3025G_30W
Wed Dec 22 22:15:06 2021,-6.5,-7.2,HD3025G_30W
Wed Dec 22 22:15:08 2021,-6.5,-7.2,HD3025G_30W
Wed Dec 22 22:15:11 2021,-6.4,-7.2,HD3025G_30W
Wed Dec 22 22:15:13 2021,-6.4,-7.2,HD3025G_30W
Wed Dec 22 22:15:16 2021,-6.4,-7.2,HD3025G_30W
Wed Dec 22 22:15:18 2021,-6.4,-7.2,HD3025G_30W
Wed Dec 22 22:15:21 2021,-6.3,-7.2,HD3025G_30W
Wed Dec 22 22:15:23 2021,-6.3,-7.2,HD3025G_30W
Wed Dec 22 22:15:25 2021,-6.3,-7.2,HD3025G_30W
Wed Dec 22 22:15:27 2021,-6.2,-7.2,HD3025G_30W
Wed Dec 22 22:15:29 2021,-6.2,-7.2,HD3025G_30W
Wed Dec 22 22:15:33 2021,-6.2,-7.2,HD3025G_30W
Wed Dec 22 22:15:35 2021,-6.2,-7.2,HD3025G_30W
Wed Dec 22 22:15:37 2021,-6.2,-7.3,HD3025G_30W
Wed Dec 22 22:15:40 2021,-6.1,-7.2,HD3025G_30W
Wed Dec 22 22:15:42 2021,-6.1,-7.3,HD3025G_30W
Wed Dec 22 22:15:44 2021,-6.0,-7.2,HD3025G_30W
Wed Dec 22 22:15:47 2021,-6.0,-7.2,HD3025G_30W
Wed Dec 22 22:15:49 2021,-5.9,-7.3,HD3025G_30W
Wed Dec 22 22:15:52 2021,-5.9,-7.3,HD3025G_30W
Wed Dec 22 22:15:54 2021,-5.8,-7.2,HD3025G_30W
Wed Dec 22 22:15:56 2021,-5.8,-7.3,HD3025G_30W
Wed Dec 22 22:15:58 2021,-5.7,-7.2,HD3025G_30W
Wed Dec 22 22:16:01 2021,-5.7,-7.3,HD3025G_30W
Wed Dec 22 22:16:03 2021,-5.7,-7.3,HD3025G_30W
Wed Dec 22 22:16:05 2021,-5.7,-7.3,HD3025G_30W
Wed Dec 22 22:16:08 2021,-5.7,-7.3,HD3025G_30W
Wed Dec 22 22:16:10 2021,-5.6,-7.3,HD3025G_30W
Wed Dec 22 22:16:13 2021,-5.5,-7.3,HD3025G_30W
Wed Dec 22 22:16:15 2021,-5.4,-7.3,HD3025G_30W
Wed Dec 22 22:16:17 2021,-5.4,-7.3,HD3025G_30W
Wed Dec 22 22:16:19 2021,-5.4,-7.3,HD3025G_30W
Wed Dec 22 22:16:21 2021,-5.3,-7.3,HD3025G_30W
Wed Dec 22 22:16:24 2021,-5.3,-7.3,HD3025G_30W
Wed Dec 22 22:16:26 2021,-5.2,-7.3,HD3025G_30W
Wed Dec 22 22:16:28 2021,-5.1,-7.2,HD3025G_30W
Wed Dec 22 22:16:31 2021,-5.1,-7.3,HD3025G_30W
Wed Dec 22 22:16:33 2021,-5.1,-7.3,HD3025G_30W
Wed Dec 22 22:16:35 2021,-5.0,-7.3,HD3025G_30W
Wed Dec 22 22:16:37 2021,-5.0,-7.3,HD3025G_30W
Wed Dec 22 22:16:40 2021,-5.0,-7.3,HD3025G_30W
Wed Dec 22 22:16:43 2021,-4.9,-7.3,HD3025G_30W
Wed Dec 22 22:16:45 2021,-4.9,-7.3,HD3025G_30W
Wed Dec 22 22:16:48 2021,-4.7,-7.3,HD3025G_30W
Wed Dec 22 22:16:50 2021,-4.7,-7.3,HD3025G_30W
Wed Dec 22 22:16:52 2021,-4.6,-7.3,HD3025G_30W
Wed Dec 22 22:16:54 2021,-4.6,-7.3,HD3025G_30W
Wed Dec 22 22:16:56 2021,-4.6,-7.3,HD3025G_30W
Wed Dec 22 22:16:59 2021,-4.5,-7.3,HD3025G_30W
Wed Dec 22 22:17:01 2021,-4.4,-7.3,HD3025G_30W
Wed Dec 22 22:17:04 2021,-4.4,-7.3,HD3025G_30W
Wed Dec 22 22:17:07 2021,-4.4,-7.3,HD3025G_30W
Wed Dec 22 22:17:09 2021,-4.3,-7.3,HD3025G_30W
Wed Dec 22 22:17:13 2021,-4.3,-7.3,HD3025G_30W
Wed Dec 22 22:17:15 2021,-4.1,-7.3,HD3025G_30W
Wed Dec 22 22:17:18 2021,-4.1,-7.3,HD3025G_30W
Wed Dec 22 22:17:20 2021,-4.0,-7.3,HD3025G_30W
Wed Dec 22 22:17:22 2021,-3.9,-7.3,HD3025G_30W
Wed Dec 22 22:17:25 2021,-3.8,-7.3,HD3025G_30W
Wed Dec 22 22:17:27 2021,-3.8,-7.3,HD3025G_30W
Wed Dec 22 22:17:29 2021,-3.7,-7.3,HD3025G_30W
Wed Dec 22 22:17:31 2021,-3.7,-7.3,HD3025G_30W
Wed Dec 22 22:17:34 2021,-3.6,-7.3,HD3025G_30W
Wed Dec 22 22:17:36 2021,-3.6,-7.3,HD3025G_30W
Wed Dec 22 22:17:38 2021,-3.5,-7.3,HD3025G_30W
Wed Dec 22 22:17:40 2021,-3.5,-7.3,HD3025G_30W
Wed Dec 22 22:17:43 2021,-3.5,-7.3,HD3025G_30W
Wed Dec 22 22:17:45 2021,-3.3,-7.3,HD3025G_30W
Wed Dec 22 22:17:48 2021,-3.3,-7.3,HD3025G_30W
Wed Dec 22 22:17:50 2021,-3.2,-7.3,HD3025G_30W
Wed Dec 22 22:17:53 2021,-3.2,-7.3,HD3025G_30W
Wed Dec 22 22:17:55 2021,-3.0,-7.3,HD3025G_30W
Wed Dec 22 22:17:57 2021,-3.0,-7.3,HD3025G_30W
Wed Dec 22 22:18:00 2021,-3.0,-7.3,HD3025G_30W
Wed Dec 22 22:18:02 2021,-2.9,-7.3,HD3025G_30W
Wed Dec 22 22:18:06 2021,-2.9,-7.3,HD3025G_30W
Wed Dec 22 22:18:08 2021,-2.7,-7.4,HD3025G_30W
Wed Dec 22 22:18:10 2021,-2.6,-7.3,HD3025G_30W
Wed Dec 22 22:18:12 2021,-2.5,-7.4,HD3025G_30W
Wed Dec 22 22:18:16 2021,-2.5,-7.4,HD3025G_30W
Wed Dec 22 22:18:18 2021,-2.4,-7.3,HD3025G_30W
Wed Dec 22 22:18:20 2021,-2.3,-7.4,HD3025G_30W
Wed Dec 22 22:18:23 2021,-2.3,-7.4,HD3025G_30W
Wed Dec 22 22:18:25 2021,-2.2,-7.3,HD3025G_30W
Wed Dec 22 22:18:28 2021,-2.2,-7.3,HD3025G_30W
Wed Dec 22 22:18:30 2021,-2.1,-7.4,HD3025G_30W
Wed Dec 22 22:18:32 2021,-2.0,-7.4,HD3025G_30W
Wed Dec 22 22:18:35 2021,-2.0,-7.4,HD3025G_30W
Wed Dec 22 22:18:37 2021,-2.0,-7.4,HD3025G_30W
Wed Dec 22 22:18:40 2021,-1.8,-7.4,HD3025G_30W
Wed Dec 22 22:18:42 2021,-1.8,-7.4,HD3025G_30W
Wed Dec 22 22:18:44 2021,-1.7,-7.4,HD3025G_30W
Wed Dec 22 22:18:46 2021,-1.6,-7.4,HD3025G_30W
Wed Dec 22 22:18:48 2021,-1.6,-7.4,HD3025G_30W
Wed Dec 22 22:18:51 2021,-1.5,-7.4,HD3025G_30W
Wed Dec 22 22:18:53 2021,-1.5,-7.4,HD3025G_30W
Wed Dec 22 22:18:55 2021,-1.4,-7.4,HD3025G_30W
Wed Dec 22 22:18:57 2021,-1.3,-7.4,HD3025G_30W
Wed Dec 22 22:18:59 2021,-1.2,-7.4,HD3025G_30W
Wed Dec 22 22:19:02 2021,-1.2,-7.4,HD3025G_30W
Wed Dec 22 22:19:04 2021,-1.1,-7.4,HD3025G_30W
Wed Dec 22 22:19:06 2021,-1.1,-7.4,HD3025G_30W
Wed Dec 22 22:19:08 2021,-1.0,-7.4,HD3025G_30W
Wed Dec 22 22:19:11 2021,-1.0,-7.4,HD3025G_30W
Wed Dec 22 22:19:14 2021,-0.9,-7.4,HD3025G_30W
Wed Dec 22 22:19:16 2021,-0.8,-7.4,HD3025G_30W
Wed Dec 22 22:19:18 2021,-0.7,-7.4,HD3025G_30W
Wed Dec 22 22:19:20 2021,-0.7,-7.4,HD3025G_30W
Wed Dec 22 22:19:23 2021,-0.7,-7.4,HD3025G_30W
Wed Dec 22 22:19:26 2021,-0.6,-7.4,HD3025G_30W
Wed Dec 22 22:19:28 2021,-0.4,-7.4,HD3025G_30W
Wed Dec 22 22:19:31 2021,-0.4,-7.4,HD3025G_30W
Wed Dec 22 22:19:33 2021,-0.3,-7.4,HD3025G_30W
Wed Dec 22 22:19:35 2021,-0.2,-7.4,HD3025G_30W
Wed Dec 22 22:19:38 2021,-0.2,-7.4,HD3025G_30W
Wed Dec 22 22:19:41 2021,-0.2,-7.4,HD3025G_30W
Wed Dec 22 22:19:43 2021,0.0,-7.4,HD3025G_30W
Wed Dec 22 22:19:45 2021,0.0,-7.4,HD3025G_30W
Wed Dec 22 22:19:48 2021,0.0,-7.4,HD3025G_30W
Wed Dec 22 22:19:50 2021,0.2,-7.4,HD3025G_30W
Wed Dec 22 22:19:53 2021,0.2,-7.4,HD3025G_30W
Wed Dec 22 22:19:55 2021,0.3,-7.4,HD3025G_30W
Wed Dec 22 22:19:57 2021,0.4,-7.4,HD3025G_30W
Wed Dec 22 22:20:00 2021,0.4,-7.4,HD3025G_30W
Wed Dec 22 22:20:02 2021,0.5,-7.4,HD3025G_30W
Wed Dec 22 22:20:04 2021,0.6,-7.4,HD3025G_30W
Wed Dec 22 22:20:07 2021,0.6,-7.4,HD3025G_30W
Wed Dec 22 22:20:09 2021,0.7,-7.4,HD3025G_30W
Wed Dec 22 22:20:12 2021,0.8,-7.4,HD3025G_30W
Wed Dec 22 22:20:14 2021,0.8,-7.4,HD3025G_30W
Wed Dec 22 22:20:16 2021,0.9,-7.4,HD3025G_30W
Wed Dec 22 22:20:18 2021,1.0,-7.4,HD3025G_30W
Wed Dec 22 22:20:20 2021,1.0,-7.4,HD3025G_30W
Wed Dec 22 22:20:23 2021,1.1,-7.4,HD3025G_30W
Wed Dec 22 22:20:25 2021,1.1,-7.4,HD3025G_30W
Wed Dec 22 22:20:27 2021,1.2,-7.4,HD3025G_30W
Wed Dec 22 22:20:29 2021,1.2,-7.4,HD3025G_30W
Wed Dec 22 22:20:31 2021,1.3,-7.4,HD3025G_30W
Wed Dec 22 22:20:34 2021,1.4,-7.4,HD3025G_30W
Wed Dec 22 22:20:36 2021,1.4,-7.4,HD3025G_30W
Wed Dec 22 22:20:38 2021,1.5,-7.4,HD3025G_30W
Wed Dec 22 22:20:41 2021,1.5,-7.4,HD3025G_30W
Wed Dec 22 22:20:43 2021,1.6,-7.4,HD3025G_30W
Wed Dec 22 22:20:46 2021,1.7,-7.4,HD3025G_30W
Wed Dec 22 22:20:48 2021,1.8,-7.4,HD3025G_30W
Wed Dec 22 22:20:50 2021,1.8,-7.4,HD3025G_30W
Wed Dec 22 22:20:52 2021,1.9,-7.4,HD3025G_30W
Wed Dec 22 22:20:54 2021,2.0,-7.4,HD3025G_30W
Wed Dec 22 22:20:57 2021,2.0,-7.4,HD3025G_30W
Wed Dec 22 22:20:59 2021,2.1,-7.4,HD3025G_30W
Wed Dec 22 22:21:01 2021,2.1,-7.4,HD3025G_30W
Wed Dec 22 22:21:03 2021,2.2,-7.4,HD3025G_30W
Wed Dec 22 22:21:06 2021,2.2,-7.4,HD3025G_30W
Wed Dec 22 22:21:08 2021,2.3,-7.4,HD3025G_30W
Wed Dec 22 22:21:10 2021,2.3,-7.4,HD3025G_30W
Wed Dec 22 22:21:12 2021,2.4,-7.4,HD3025G_30W
Wed Dec 22 22:21:14 2021,2.4,-7.4,HD3025G_30W
Wed Dec 22 22:21:17 2021,2.5,-7.4,HD3025G_30W
Wed Dec 22 22:21:19 2021,2.6,-7.4,HD3025G_30W
Wed Dec 22 22:21:21 2021,2.6,-7.4,HD3025G_30W
Wed Dec 22 22:21:23 2021,2.7,-7.4,HD3025G_30W
Wed Dec 22 22:21:25 2021,2.7,-7.4,HD3025G_30W
Wed Dec 22 22:21:28 2021,2.8,-7.4,HD3025G_30W
Wed Dec 22 22:21:30 2021,2.9,-7.4,HD3025G_30W
Wed Dec 22 22:21:32 2021,2.9,-7.4,HD3025G_30W
Wed Dec 22 22:21:34 2021,3.0,-7.4,HD3025G_30W
Wed Dec 22 22:21:36 2021,3.0,-7.4,HD3025G_30W
Wed Dec 22 22:21:39 2021,3.1,-7.4,HD3025G_30W
Wed Dec 22 22:21:41 2021,3.1,-7.4,HD3025G_30W
Wed Dec 22 22:21:43 2021,3.2,-7.4,HD3025G_30W
Wed Dec 22 22:21:45 2021,3.2,-7.4,HD3025G_30W
Wed Dec 22 22:21:47 2021,3.3,-7.4,HD3025G_30W
Wed Dec 22 22:21:50 2021,3.3,-7.4,HD3025G_30W
Wed Dec 22 22:21:52 2021,3.4,-7.4,HD3025G_30W
Wed Dec 22 22:21:55 2021,3.5,-7.4,HD3025G_30W
Wed Dec 22 22:21:57 2021,3.5,-7.4,HD3025G_30W
Wed Dec 22 22:22:00 2021,3.5,-7.4,HD3025G_30W
Wed Dec 22 22:22:02 2021,3.7,-7.4,HD3025G_30W
Wed Dec 22 22:22:04 2021,3.7,-7.4,HD3025G_30W
Wed Dec 22 22:22:07 2021,3.8,-7.4,HD3025G_30W
Wed Dec 22 22:22:10 2021,3.8,-7.4,HD3025G_30W
Wed Dec 22 22:22:12 2021,3.9,-7.4,HD3025G_30W
Wed Dec 22 22:22:14 2021,4.0,-7.4,HD3025G_30W
Wed Dec 22 22:22:17 2021,4.0,-7.4,HD3025G_30W
Wed Dec 22 22:22:20 2021,4.1,-7.4,HD3025G_30W
Wed Dec 22 22:22:23 2021,4.1,-7.4,HD3025G_30W
Wed Dec 22 22:22:25 2021,4.2,-7.4,HD3025G_30W
Wed Dec 22 22:22:27 2021,4.3,-7.4,HD3025G_30W
Wed Dec 22 22:22:29 2021,4.3,-7.4,HD3025G_30W
Wed Dec 22 22:22:32 2021,4.4,-7.4,HD3025G_30W
Wed Dec 22 22:22:35 2021,4.4,-7.4,HD3025G_30W
Wed Dec 22 22:22:38 2021,4.4,-7.4,HD3025G_30W
Wed Dec 22 22:22:40 2021,4.5,-7.4,HD3025G_30W
Wed Dec 22 22:22:42 2021,4.6,-7.4,HD3025G_30W
Wed Dec 22 22:22:45 2021,4.7,-7.4,HD3025G_30W
Wed Dec 22 22:22:47 2021,4.8,-7.4,HD3025G_30W
Wed Dec 22 22:22:49 2021,4.8,-7.4,HD3025G_30W
Wed Dec 22 22:22:51 2021,4.8,-7.4,HD3025G_30W
Wed Dec 22 22:22:53 2021,4.9,-7.4,HD3025G_30W
Wed Dec 22 22:22:56 2021,4.9,-7.4,HD3025G_30W
Wed Dec 22 22:22:58 2021,5.0,-7.4,HD3025G_30W
Wed Dec 22 22:23:00 2021,5.0,-7.4,HD3025G_30W
Wed Dec 22 22:23:03 2021,5.0,-7.4,HD3025G_30W
Wed Dec 22 22:23:05 2021,5.2,-7.4,HD3025G_30W
Wed Dec 22 22:23:08 2021,5.2,-7.4,HD3025G_30W
Wed Dec 22 22:23:10 2021,5.3,-7.4,HD3025G_30W
Wed Dec 22 22:23:12 2021,5.3,-7.4,HD3025G_30W
Wed Dec 22 22:23:14 2021,5.4,-7.4,HD3025G_30W
Wed Dec 22 22:23:17 2021,5.4,-7.4,HD3025G_30W
Wed Dec 22 22:23:19 2021,5.5,-7.4,HD3025G_30W
Wed Dec 22 22:23:21 2021,5.5,-7.4,HD3025G_30W
Wed Dec 22 22:23:23 2021,5.6,-7.4,HD3025G_30W
Wed Dec 22 22:23:25 2021,5.6,-7.4,HD3025G_30W
Wed Dec 22 22:23:28 2021,5.7,-7.4,HD3025G_30W
Wed Dec 22 22:23:30 2021,5.7,-7.4,HD3025G_30W
Wed Dec 22 22:23:32 2021,5.8,-7.4,HD3025G_30W
Wed Dec 22 22:23:35 2021,5.8,-7.4,HD3025G_30W
Wed Dec 22 22:23:37 2021,5.9,-7.4,HD3025G_30W
Wed Dec 22 22:23:39 2021,5.9,-7.4,HD3025G_30W
Wed Dec 22 22:23:41 2021,6.0,-7.4,HD3025G_30W
Wed Dec 22 22:23:43 2021,6.1,-7.5,HD3025G_30W
Wed Dec 22 22:23:46 2021,6.1,-7.4,HD3025G_30W
Wed Dec 22 22:23:48 2021,6.1,-7.4,HD3025G_30W
Wed Dec 22 22:23:50 2021,6.2,-7.4,HD3025G_30W
Wed Dec 22 22:23:52 2021,6.2,-7.4,HD3025G_30W
Wed Dec 22 22:23:54 2021,6.3,-7.4,HD3025G_30W
Wed Dec 22 22:23:57 2021,6.3,-7.4,HD3025G_30W
Wed Dec 22 22:23:59 2021,6.4,-7.4,HD3025G_30W
Wed Dec 22 22:24:01 2021,6.4,-7.4,HD3025G_30W
Wed Dec 22 22:24:03 2021,6.5,-7.4,HD3025G_30W
Wed Dec 22 22:24:06 2021,6.5,-7.4,HD3025G_30W
Wed Dec 22 22:24:09 2021,6.5,-7.4,HD3025G_30W
Wed Dec 22 22:24:11 2021,6.6,-7.4,HD3025G_30W
Wed Dec 22 22:24:13 2021,6.7,-7.4,HD3025G_30W
Wed Dec 22 22:24:15 2021,6.8,-7.4,HD3025G_30W
Wed Dec 22 22:24:18 2021,6.8,-7.5,HD3025G_30W
Wed Dec 22 22:24:20 2021,6.8,-7.4,HD3025G_30W
Wed Dec 22 22:24:22 2021,6.9,-7.4,HD3025G_30W
Wed Dec 22 22:24:24 2021,6.9,-7.4,HD3025G_30W
Wed Dec 22 22:24:26 2021,7.0,-7.4,HD3025G_30W
Wed Dec 22 22:24:29 2021,7.0,-7.4,HD3025G_30W
Wed Dec 22 22:24:31 2021,7.0,-7.4,HD3025G_30W
Wed Dec 22 22:24:33 2021,7.1,-7.4,HD3025G_30W
Wed Dec 22 22:24:35 2021,7.2,-7.4,HD3025G_30W
Wed Dec 22 22:24:38 2021,7.2,-7.4,HD3025G_30W
Wed Dec 22 22:24:40 2021,7.3,-7.4,HD3025G_30W
Wed Dec 22 22:24:42 2021,7.3,-7.4,HD3025G_30W
Wed Dec 22 22:24:45 2021,7.3,-7.4,HD3025G_30W
Wed Dec 22 22:24:47 2021,7.4,-7.4,HD3025G_30W
Wed Dec 22 22:24:49 2021,7.4,-7.4,HD3025G_30W
Wed Dec 22 22:24:51 2021,7.5,-7.4,HD3025G_30W
Wed Dec 22 22:24:53 2021,7.5,-7.4,HD3025G_30W
Wed Dec 22 22:24:56 2021,7.6,-7.4,HD3025G_30W
Wed Dec 22 22:24:58 2021,7.6,-7.4,HD3025G_30W
Wed Dec 22 22:25:00 2021,7.6,-7.4,HD3025G_30W
Wed Dec 22 22:25:02 2021,7.7,-7.4,HD3025G_30W
Wed Dec 22 22:25:04 2021,7.7,-7.4,HD3025G_30W
Wed Dec 22 22:25:07 2021,7.8,-7.4,HD3025G_30W
Wed Dec 22 22:25:09 2021,7.8,-7.4,HD3025G_30W
Wed Dec 22 22:25:11 2021,7.9,-7.4,HD3025G_30W
Wed Dec 22 22:25:14 2021,7.9,-7.4,HD3025G_30W
Wed Dec 22 22:25:16 2021,7.9,-7.4,HD3025G_30W
Wed Dec 22 22:25:18 2021,8.0,-7.4,HD3025G_30W
Wed Dec 22 22:25:20 2021,8.0,-7.4,HD3025G_30W
Wed Dec 22 22:25:23 2021,8.1,-7.4,HD3025G_30W
Wed Dec 22 22:25:25 2021,8.1,-7.4,HD3025G_30W
Wed Dec 22 22:25:27 2021,8.2,-7.4,HD3025G_30W
Wed Dec 22 22:25:30 2021,8.2,-7.4,HD3025G_30W
Wed Dec 22 22:25:32 2021,8.2,-7.4,HD3025G_30W
Wed Dec 22 22:25:35 2021,8.2,-7.4,HD3025G_30W
Wed Dec 22 22:25:37 2021,8.3,-7.4,HD3025G_30W
Wed Dec 22 22:25:39 2021,8.4,-7.4,HD3025G_30W
Wed Dec 22 22:25:42 2021,8.4,-7.4,HD3025G_30W
Wed Dec 22 22:25:44 2021,8.5,-7.5,HD3025G_30W
Wed Dec 22 22:25:46 2021,8.5,-7.4,HD3025G_30W
Wed Dec 22 22:25:48 2021,8.6,-7.4,HD3025G_30W
Wed Dec 22 22:25:50 2021,8.6,-7.4,HD3025G_30W
Wed Dec 22 22:25:53 2021,8.6,-7.4,HD3025G_30W
Wed Dec 22 22:25:55 2021,8.7,-7.4,HD3025G_30W
Wed Dec 22 22:25:58 2021,8.7,-7.4,HD3025G_30W
Wed Dec 22 22:26:00 2021,8.8,-7.4,HD3025G_30W
Wed Dec 22 22:26:02 2021,8.8,-7.4,HD3025G_30W
Wed Dec 22 22:26:04 2021,8.9,-7.4,HD3025G_30W
Wed Dec 22 22:26:06 2021,8.9,-7.4,HD3025G_30W
Wed Dec 22 22:26:09 2021,8.9,-7.4,HD3025G_30W
Wed Dec 22 22:26:11 2021,9.0,-7.4,HD3025G_30W
Wed Dec 22 22:26:13 2021,9.0,-7.4,HD3025G_30W
Wed Dec 22 22:26:15 2021,9.0,-7.4,HD3025G_30W
Wed Dec 22 22:26:17 2021,9.1,-7.4,HD3025G_30W
Wed Dec 22 22:26:20 2021,9.1,-7.4,HD3025G_30W
Wed Dec 22 22:26:22 2021,9.2,-7.4,HD3025G_30W
Wed Dec 22 22:26:24 2021,9.2,-7.4,HD3025G_30W
Wed Dec 22 22:26:27 2021,9.2,-7.4,HD3025G_30W
Wed Dec 22 22:26:29 2021,9.3,-7.4,HD3025G_30W
Wed Dec 22 22:26:32 2021,9.3,-7.4,HD3025G_30W
Wed Dec 22 22:26:34 2021,9.4,-7.4,HD3025G_30W
Wed Dec 22 22:26:36 2021,9.4,-7.4,HD3025G_30W
Wed Dec 22 22:26:38 2021,9.4,-7.5,HD3025G_30W
Wed Dec 22 22:26:40 2021,9.5,-7.4,HD3025G_30W
Wed Dec 22 22:26:43 2021,9.5,-7.5,HD3025G_30W
Wed Dec 22 22:26:45 2021,9.5,-7.5,HD3025G_30W
Wed Dec 22 22:26:48 2021,9.6,-7.5,HD3025G_30W
Wed Dec 22 22:26:50 2021,9.6,-7.4,HD3025G_30W
Wed Dec 22 22:26:52 2021,9.7,-7.5,HD3025G_30W
Wed Dec 22 22:26:54 2021,9.7,-7.5,HD3025G_30W
Wed Dec 22 22:26:56 2021,9.8,-7.4,HD3025G_30W
Wed Dec 22 22:26:59 2021,9.8,-7.4,HD3025G_30W
Wed Dec 22 22:27:01 2021,9.8,-7.5,HD3025G_30W
Wed Dec 22 22:27:03 2021,9.9,-7.4,HD3025G_30W
Wed Dec 22 22:27:05 2021,9.9,-7.4,HD3025G_30W
Wed Dec 22 22:27:07 2021,9.9,-7.5,HD3025G_30W
Wed Dec 22 22:27:11 2021,9.9,-7.5,HD3025G_30W
Wed Dec 22 22:27:13 2021,10.0,-7.4,HD3025G_30W
Wed Dec 22 22:27:16 2021,10.0,-7.4,HD3025G_30W
Wed Dec 22 22:27:18 2021,10.1,-7.5,HD3025G_30W
Wed Dec 22 22:27:20 2021,10.1,-7.5,HD3025G_30W
Wed Dec 22 22:27:23 2021,10.2,-7.4,HD3025G_30W
Wed Dec 22 22:27:25 2021,10.2,-7.4,HD3025G_30W
Wed Dec 22 22:27:28 2021,10.2,-7.5,HD3025G_30W
Wed Dec 22 22:27:30 2021,10.3,-7.5,HD3025G_30W
Wed Dec 22 22:27:32 2021,10.3,-7.4,HD3025G_30W
Wed Dec 22 22:27:34 2021,10.4,-7.5,HD3025G_30W
Wed Dec 22 22:27:36 2021,10.4,-7.5,HD3025G_30W
Wed Dec 22 22:27:39 2021,10.4,-7.5,HD3025G_30W
Wed Dec 22 22:27:41 2021,10.5,-7.5,HD3025G_30W
Wed Dec 22 22:27:43 2021,10.5,-7.5,HD3025G_30W
Wed Dec 22 22:27:45 2021,10.5,-7.4,HD3025G_30W
Wed Dec 22 22:27:47 2021,10.6,-7.5,HD3025G_30W
Wed Dec 22 22:27:50 2021,10.6,-7.5,HD3025G_30W
Wed Dec 22 22:27:52 2021,10.6,-7.5,HD3025G_30W
Wed Dec 22 22:27:55 2021,10.6,-7.5,HD3025G_30W
Wed Dec 22 22:27:57 2021,10.7,-7.5,HD3025G_30W
Wed Dec 22 22:27:59 2021,10.8,-7.5,HD3025G_30W
Wed Dec 22 22:28:02 2021,10.8,-7.5,HD3025G_30W
Wed Dec 22 22:28:05 2021,10.8,-7.5,HD3025G_30W
Wed Dec 22 22:28:07 2021,10.9,-7.5,HD3025G_30W
Wed Dec 22 22:28:09 2021,10.9,-7.5,HD3025G_30W
Wed Dec 22 22:28:11 2021,10.9,-7.5,HD3025G_30W
Wed Dec 22 22:28:14 2021,10.9,-7.5,HD3025G_30W
Wed Dec 22 22:28:16 2021,11.0,-7.5,HD3025G_30W
Wed Dec 22 22:28:18 2021,11.0,-7.5,HD3025G_30W
Wed Dec 22 22:28:20 2021,11.0,-7.5,HD3025G_30W
Wed Dec 22 22:28:23 2021,11.1,-7.5,HD3025G_30W
Wed Dec 22 22:28:25 2021,11.1,-7.5,HD3025G_30W
Wed Dec 22 22:28:27 2021,11.1,-7.5,HD3025G_30W
Wed Dec 22 22:28:29 2021,11.2,-7.5,HD3025G_30W
Wed Dec 22 22:28:31 2021,11.2,-7.5,HD3025G_30W
Wed Dec 22 22:28:34 2021,11.3,-7.5,HD3025G_30W
Wed Dec 22 22:28:36 2021,11.2,-7.5,HD3025G_30W
Wed Dec 22 22:28:38 2021,11.3,-7.5,HD3025G_30W
Wed Dec 22 22:28:40 2021,11.3,-7.5,HD3025G_30W
Wed Dec 22 22:28:42 2021,11.4,-7.5,HD3025G_30W
Wed Dec 22 22:28:45 2021,11.4,-7.5,HD3025G_30W
Wed Dec 22 22:28:47 2021,11.4,-7.5,HD3025G_30W
Wed Dec 22 22:28:49 2021,11.5,-7.5,HD3025G_30W
Wed Dec 22 22:28:51 2021,11.5,-7.5,HD3025G_30W
Wed Dec 22 22:28:53 2021,11.5,-7.5,HD3025G_30W
Wed Dec 22 22:28:56 2021,11.6,-7.5,HD3025G_30W
Wed Dec 22 22:28:58 2021,11.6,-7.5,HD3025G_30W
Wed Dec 22 22:29:00 2021,11.6,-7.5,HD3025G_30W
Wed Dec 22 22:29:02 2021,11.6,-7.5,HD3025G_30W
Wed Dec 22 22:29:04 2021,11.6,-7.5,HD3025G_30W
Wed Dec 22 22:29:07 2021,11.7,-7.5,HD3025G_30W
Wed Dec 22 22:29:10 2021,11.7,-7.5,HD3025G_30W
Wed Dec 22 22:29:12 2021,11.7,-7.5,HD3025G_30W
Wed Dec 22 22:29:14 2021,11.8,-7.5,HD3025G_30W
Wed Dec 22 22:29:16 2021,11.8,-7.5,HD3025G_30W
Wed Dec 22 22:29:19 2021,11.9,-7.5,HD3025G_30W
Wed Dec 22 22:29:21 2021,11.9,-7.5,HD3025G_30W
Wed Dec 22 22:29:23 2021,11.9,-7.5,HD3025G_30W
Wed Dec 22 22:29:25 2021,11.9,-7.5,HD3025G_30W
Wed Dec 22 22:29:27 2021,12.0,-7.5,HD3025G_30W
Wed Dec 22 22:29:30 2021,12.0,-7.5,HD3025G_30W
Wed Dec 22 22:29:32 2021,12.0,-7.5,HD3025G_30W
Wed Dec 22 22:29:34 2021,12.0,-7.5,HD3025G_30W
Wed Dec 22 22:29:36 2021,12.1,-7.5,HD3025G_30W
Wed Dec 22 22:29:38 2021,12.1,-7.5,HD3025G_30W
Wed Dec 22 22:29:41 2021,12.1,-7.5,HD3025G_30W
Wed Dec 22 22:29:43 2021,12.1,-7.5,HD3025G_30W
Wed Dec 22 22:29:45 2021,12.2,-7.5,HD3025G_30W
Wed Dec 22 22:29:47 2021,12.2,-7.5,HD3025G_30W
Wed Dec 22 22:29:50 2021,12.3,-7.5,HD3025G_30W
Wed Dec 22 22:29:52 2021,12.3,-7.5,HD3025G_30W
Wed Dec 22 22:29:54 2021,12.3,-7.5,HD3025G_30W
Wed Dec 22 22:29:57 2021,12.3,-7.5,HD3025G_30W
Wed Dec 22 22:29:59 2021,12.4,-7.5,HD3025G_30W
Wed Dec 22 22:30:02 2021,12.4,-7.5,HD3025G_30W
Wed Dec 22 22:30:04 2021,12.4,-7.5,HD3025G_30W
Wed Dec 22 22:30:06 2021,12.5,-7.5,HD3025G_30W
Wed Dec 22 22:30:09 2021,12.5,-7.5,HD3025G_30W
Wed Dec 22 22:30:11 2021,12.5,-7.5,HD3025G_30W
Wed Dec 22 22:30:13 2021,12.5,-7.5,HD3025G_30W
Wed Dec 22 22:30:16 2021,12.5,-7.5,HD3025G_30W
Wed Dec 22 22:30:18 2021,12.6,-7.5,HD3025G_30W
Wed Dec 22 22:30:21 2021,12.6,-7.5,HD3025G_30W
Wed Dec 22 22:30:24 2021,12.6,-7.5,HD3025G_30W
Wed Dec 22 22:30:26 2021,12.6,-7.5,HD3025G_30W
Wed Dec 22 22:30:29 2021,12.6,-7.5,HD3025G_30W
Wed Dec 22 22:30:32 2021,12.7,-7.5,HD3025G_30W
Wed Dec 22 22:30:34 2021,12.8,-7.5,HD3025G_30W
Wed Dec 22 22:30:36 2021,12.8,-7.5,HD3025G_30W
Wed Dec 22 22:30:39 2021,12.8,-7.5,HD3025G_30W
Wed Dec 22 22:30:41 2021,12.8,-7.5,HD3025G_30W
Wed Dec 22 22:30:43 2021,12.9,-7.5,HD3025G_30W
Wed Dec 22 22:30:45 2021,12.9,-7.5,HD3025G_30W
Wed Dec 22 22:30:47 2021,12.9,-7.5,HD3025G_30W
Wed Dec 22 22:30:50 2021,13.0,-7.5,HD3025G_30W
Wed Dec 22 22:30:52 2021,13.0,-7.5,HD3025G_30W
Wed Dec 22 22:30:54 2021,13.0,-7.6,HD3025G_30W
Wed Dec 22 22:30:56 2021,13.0,-7.5,HD3025G_30W
Wed Dec 22 22:30:59 2021,13.0,-7.5,HD3025G_30W
Wed Dec 22 22:31:01 2021,13.0,-7.5,HD3025G_30W
Wed Dec 22 22:31:03 2021,13.1,-7.5,HD3025G_30W
Wed Dec 22 22:31:06 2021,13.1,-7.5,HD3025G_30W
Wed Dec 22 22:31:09 2021,13.1,-7.5,HD3025G_30W
Wed Dec 22 22:31:11 2021,13.2,-7.5,HD3025G_30W
Wed Dec 22 22:31:13 2021,13.2,-7.6,HD3025G_30W
Wed Dec 22 22:31:15 2021,13.2,-7.5,HD3025G_30W
Wed Dec 22 22:31:18 2021,13.3,-7.6,HD3025G_30W
Wed Dec 22 22:31:20 2021,13.3,-7.5,HD3025G_30W
Wed Dec 22 22:31:23 2021,13.3,-7.6,HD3025G_30W
Wed Dec 22 22:31:25 2021,13.3,-7.6,HD3025G_30W
Wed Dec 22 22:31:27 2021,13.4,-7.6,HD3025G_30W
Wed Dec 22 22:31:29 2021,13.4,-7.6,HD3025G_30W
Wed Dec 22 22:31:31 2021,13.4,-7.6,HD3025G_30W
Wed Dec 22 22:31:34 2021,13.4,-7.6,HD3025G_30W
Wed Dec 22 22:31:36 2021,13.5,-7.6,HD3025G_30W
Wed Dec 22 22:31:38 2021,13.5,-7.6,HD3025G_30W
Wed Dec 22 22:31:40 2021,13.5,-7.6,HD3025G_30W
Wed Dec 22 22:31:42 2021,13.5,-7.6,HD3025G_30W
Wed Dec 22 22:31:45 2021,13.6,-7.6,HD3025G_30W
Wed Dec 22 22:31:47 2021,13.6,-7.6,HD3025G_30W
Wed Dec 22 22:31:49 2021,13.6,-7.6,HD3025G_30W
Wed Dec 22 22:31:51 2021,13.6,-7.6,HD3025G_30W
Wed Dec 22 22:31:53 2021,13.6,-7.6,HD3025G_30W
Wed Dec 22 22:31:56 2021,13.7,-7.6,HD3025G_30W
Wed Dec 22 22:31:58 2021,13.7,-7.6,HD3025G_30W
Wed Dec 22 22:32:00 2021,13.7,-7.6,HD3025G_30W
Wed Dec 22 22:32:02 2021,13.7,-7.6,HD3025G_30W
Wed Dec 22 22:32:04 2021,13.8,-7.6,HD3025G_30W
Wed Dec 22 22:32:07 2021,13.8,-7.6,HD3025G_30W
Wed Dec 22 22:32:09 2021,13.8,-7.6,HD3025G_30W
Wed Dec 22 22:32:11 2021,13.8,-7.6,HD3025G_30W
Wed Dec 22 22:32:13 2021,13.8,-7.6,HD3025G_30W
Wed Dec 22 22:32:15 2021,13.9,-7.6,HD3025G_30W
Wed Dec 22 22:32:18 2021,13.9,-7.6,HD3025G_30W
Wed Dec 22 22:32:20 2021,13.9,-7.6,HD3025G_30W
Wed Dec 22 22:32:23 2021,13.9,-7.6,HD3025G_30W
Wed Dec 22 22:32:25 2021,14.0,-7.6,HD3025G_30W
Wed Dec 22 22:32:27 2021,14.0,-7.6,HD3025G_30W
Wed Dec 22 22:32:30 2021,14.0,-7.6,HD3025G_30W
Wed Dec 22 22:32:33 2021,14.0,-7.6,HD3025G_30W
Wed Dec 22 22:32:35 2021,14.1,-7.6,HD3025G_30W
Wed Dec 22 22:32:37 2021,14.1,-7.6,HD3025G_30W
Wed Dec 22 22:32:39 2021,14.1,-7.6,HD3025G_30W
Wed Dec 22 22:32:42 2021,14.1,-7.6,HD3025G_30W
Wed Dec 22 22:32:44 2021,14.1,-7.6,HD3025G_30W
Wed Dec 22 22:32:46 2021,14.2,-7.6,HD3025G_30W
Wed Dec 22 22:32:48 2021,14.2,-7.6,HD3025G_30W
Wed Dec 22 22:32:51 2021,14.2,-7.6,HD3025G_30W
Wed Dec 22 22:32:53 2021,14.2,-7.6,HD3025G_30W
Wed Dec 22 22:32:55 2021,14.2,-7.6,HD3025G_30W
Wed Dec 22 22:32:57 2021,14.3,-7.6,HD3025G_30W
Wed Dec 22 22:32:59 2021,14.3,-7.6,HD3025G_30W
Wed Dec 22 22:33:02 2021,14.3,-7.6,HD3025G_30W
Wed Dec 22 22:33:04 2021,14.3,-7.6,HD3025G_30W
Wed Dec 22 22:33:06 2021,14.3,-7.6,HD3025G_30W
Wed Dec 22 22:33:08 2021,14.4,-7.6,HD3025G_30W
Wed Dec 22 22:33:10 2021,14.4,-7.6,HD3025G_30W
Wed Dec 22 22:33:13 2021,14.4,-7.6,HD3025G_30W
Wed Dec 22 22:33:16 2021,14.4,-7.6,HD3025G_30W
Wed Dec 22 22:33:18 2021,14.4,-7.6,HD3025G_30W
Wed Dec 22 22:33:20 2021,14.5,-7.6,HD3025G_30W
Wed Dec 22 22:33:22 2021,14.5,-7.6,HD3025G_30W
Wed Dec 22 22:33:26 2021,14.5,-7.6,HD3025G_30W
Wed Dec 22 22:33:28 2021,14.5,-7.6,HD3025G_30W
Wed Dec 22 22:33:30 2021,14.6,-7.6,HD3025G_30W
Wed Dec 22 22:33:32 2021,14.6,-7.6,HD3025G_30W
Wed Dec 22 22:33:34 2021,14.6,-7.6,HD3025G_30W
Wed Dec 22 22:33:37 2021,14.6,-7.6,HD3025G_30W
Wed Dec 22 22:33:39 2021,14.6,-7.6,HD3025G_30W
Wed Dec 22 22:33:42 2021,14.6,-7.6,HD3025G_30W
Wed Dec 22 22:33:44 2021,14.7,-7.6,HD3025G_30W
Wed Dec 22 22:33:46 2021,14.7,-7.6,HD3025G_30W
Wed Dec 22 22:33:49 2021,14.7,-7.6,HD3025G_30W
Wed Dec 22 22:33:52 2021,14.7,-7.6,HD3025G_30W
Wed Dec 22 22:33:54 2021,14.7,-7.6,HD3025G_30W
Wed Dec 22 22:33:56 2021,14.8,-7.6,HD3025G_30W
Wed Dec 22 22:33:59 2021,14.8,-7.6,HD3025G_30W
Wed Dec 22 22:34:02 2021,14.8,-7.6,HD3025G_30W
Wed Dec 22 22:34:04 2021,14.9,-7.6,HD3025G_30W
Wed Dec 22 22:34:07 2021,14.9,-7.6,HD3025G_30W
Wed Dec 22 22:34:09 2021,14.9,-7.6,HD3025G_30W
Wed Dec 22 22:34:11 2021,14.9,-7.6,HD3025G_30W
Wed Dec 22 22:34:13 2021,14.9,-7.6,HD3025G_30W
Wed Dec 22 22:34:15 2021,14.9,-7.6,HD3025G_30W
Wed Dec 22 22:34:18 2021,15.0,-7.6,HD3025G_30W
Wed Dec 22 22:34:20 2021,15.0,-7.6,HD3025G_30W
Wed Dec 22 22:34:23 2021,15.0,-7.6,HD3025G_30W
Wed Dec 22 22:34:25 2021,15.0,-7.6,HD3025G_30W
Wed Dec 22 22:34:27 2021,15.0,-7.6,HD3025G_30W
Wed Dec 22 22:34:31 2021,15.0,-7.6,HD3025G_30W
Wed Dec 22 22:34:33 2021,15.1,-7.6,HD3025G_30W
Wed Dec 22 22:34:35 2021,15.1,-7.6,HD3025G_30W
Wed Dec 22 22:34:37 2021,15.1,-7.6,HD3025G_30W
Wed Dec 22 22:34:40 2021,15.1,-7.6,HD3025G_30W
Wed Dec 22 22:34:42 2021,15.1,-7.6,HD3025G_30W
Wed Dec 22 22:34:44 2021,15.2,-7.6,HD3025G_30W
Wed Dec 22 22:34:48 2021,15.2,-7.6,HD3025G_30W
Wed Dec 22 22:34:50 2021,15.2,-7.6,HD3025G_30W
Wed Dec 22 22:34:53 2021,15.2,-7.6,HD3025G_30W
Wed Dec 22 22:34:55 2021,15.2,-7.6,HD3025G_30W
Wed Dec 22 22:34:57 2021,15.3,-7.6,HD3025G_30W
Wed Dec 22 22:35:00 2021,15.3,-7.6,HD3025G_30W
Wed Dec 22 22:35:02 2021,15.3,-7.6,HD3025G_30W
Wed Dec 22 22:35:04 2021,15.3,-7.6,HD3025G_30W
Wed Dec 22 22:35:06 2021,15.3,-7.6,HD3025G_30W
Wed Dec 22 22:35:08 2021,15.4,-7.6,HD3025G_30W
Wed Dec 22 22:35:11 2021,15.4,-7.6,HD3025G_30W
Wed Dec 22 22:35:13 2021,15.4,-7.6,HD3025G_30W
Wed Dec 22 22:35:15 2021,15.4,-7.5,HD3025G_30W
Wed Dec 22 22:35:17 2021,15.4,-7.6,HD3025G_30W
Wed Dec 22 22:35:19 2021,15.4,-7.6,HD3025G_30W
Wed Dec 22 22:35:22 2021,15.5,-7.5,HD3025G_30W
Wed Dec 22 22:35:24 2021,15.5,-7.6,HD3025G_30W
Wed Dec 22 22:35:26 2021,15.5,-7.5,HD3025G_30W
Wed Dec 22 22:35:28 2021,15.5,-7.5,HD3025G_30W
Wed Dec 22 22:35:30 2021,15.5,-7.5,HD3025G_30W
Wed Dec 22 22:35:33 2021,15.5,-7.6,HD3025G_30W
Wed Dec 22 22:35:35 2021,15.6,-7.5,HD3025G_30W
Wed Dec 22 22:35:37 2021,15.6,-7.6,HD3025G_30W
Wed Dec 22 22:35:39 2021,15.6,-7.5,HD3025G_30W
Wed Dec 22 22:35:42 2021,15.6,-7.5,HD3025G_30W
Wed Dec 22 22:35:44 2021,15.6,-7.5,HD3025G_30W
Wed Dec 22 22:35:46 2021,15.7,-7.5,HD3025G_30W
Wed Dec 22 22:35:48 2021,15.6,-7.6,HD3025G_30W
Wed Dec 22 22:35:50 2021,15.7,-7.5,HD3025G_30W
Wed Dec 22 22:35:53 2021,15.7,-7.5,HD3025G_30W
Wed Dec 22 22:35:55 2021,15.7,-7.5,HD3025G_30W
Wed Dec 22 22:35:57 2021,15.7,-7.5,HD3025G_30W
Wed Dec 22 22:36:00 2021,15.8,-7.5,HD3025G_30W
Wed Dec 22 22:36:02 2021,15.8,-7.5,HD3025G_30W
Wed Dec 22 22:36:05 2021,15.8,-7.5,HD3025G_30W
Wed Dec 22 22:36:08 2021,15.8,-7.5,HD3025G_30W
Wed Dec 22 22:36:10 2021,15.8,-7.5,HD3025G_30W
Wed Dec 22 22:36:13 2021,15.8,-7.5,HD3025G_30W
Wed Dec 22 22:36:15 2021,15.8,-7.5,HD3025G_30W
Wed Dec 22 22:36:17 2021,15.9,-7.5,HD3025G_30W
Wed Dec 22 22:36:19 2021,15.9,-7.5,HD3025G_30W
Wed Dec 22 22:36:22 2021,15.9,-7.5,HD3025G_30W
Wed Dec 22 22:36:24 2021,15.9,-7.5,HD3025G_30W
Wed Dec 22 22:36:26 2021,15.9,-7.6,HD3025G_30W
Wed Dec 22 22:36:28 2021,15.9,-7.5,HD3025G_30W
Wed Dec 22 22:36:30 2021,16.0,-7.5,HD3025G_30W
Wed Dec 22 22:36:33 2021,16.0,-7.5,HD3025G_30W
Wed Dec 22 22:36:35 2021,16.0,-7.5,HD3025G_30W
Wed Dec 22 22:36:37 2021,16.0,-7.5,HD3025G_30W
Wed Dec 22 22:36:39 2021,16.0,-7.5,HD3025G_30W
Wed Dec 22 22:36:41 2021,16.1,-7.6,HD3025G_30W
Wed Dec 22 22:36:44 2021,16.0,-7.5,HD3025G_30W
Wed Dec 22 22:36:46 2021,16.1,-7.6,HD3025G_30W
Wed Dec 22 22:36:48 2021,16.1,-7.5,HD3025G_30W
Wed Dec 22 22:36:51 2021,16.1,-7.5,HD3025G_30W
Wed Dec 22 22:36:53 2021,16.1,-7.5,HD3025G_30W
Wed Dec 22 22:36:57 2021,16.1,-7.5,HD3025G_30W
Wed Dec 22 22:36:59 2021,16.2,-7.5,HD3025G_30W
Wed Dec 22 22:37:01 2021,16.2,-7.5,HD3025G_30W
Wed Dec 22 22:37:03 2021,16.2,-7.5,HD3025G_30W
Wed Dec 22 22:37:05 2021,16.2,-7.6,HD3025G_30W
Wed Dec 22 22:37:08 2021,16.2,-7.5,HD3025G_30W
Wed Dec 22 22:37:11 2021,16.2,-7.5,HD3025G_30W
Wed Dec 22 22:37:13 2021,16.3,-7.5,HD3025G_30W
Wed Dec 22 22:37:15 2021,16.3,-7.5,HD3025G_30W
Wed Dec 22 22:37:17 2021,16.3,-7.6,HD3025G_30W
Wed Dec 22 22:37:20 2021,16.3,-7.6,HD3025G_30W
Wed Dec 22 22:37:22 2021,16.3,-7.5,HD3025G_30W
Wed Dec 22 22:37:24 2021,16.3,-7.5,HD3025G_30W
Wed Dec 22 22:37:26 2021,16.3,-7.6,HD3025G_30W
Wed Dec 22 22:37:28 2021,16.4,-7.5,HD3025G_30W
Wed Dec 22 22:37:32 2021,16.4,-7.5,HD3025G_30W
Wed Dec 22 22:37:34 2021,16.4,-7.5,HD3025G_30W
Wed Dec 22 22:37:37 2021,16.4,-7.5,HD3025G_30W
Wed Dec 22 22:37:39 2021,16.4,-7.5,HD3025G_30W
Wed Dec 22 22:37:41 2021,16.5,-7.5,HD3025G_30W
Wed Dec 22 22:37:44 2021,16.5,-7.5,HD3025G_30W
Wed Dec 22 22:37:46 2021,16.5,-7.6,HD3025G_30W
Wed Dec 22 22:37:48 2021,16.5,-7.5,HD3025G_30W
Wed Dec 22 22:37:50 2021,16.5,-7.5,HD3025G_30W
Wed Dec 22 22:37:53 2021,16.5,-7.5,HD3025G_30W
Wed Dec 22 22:37:55 2021,16.5,-7.5,HD3025G_30W
Wed Dec 22 22:37:57 2021,16.5,-7.5,HD3025G_30W
Wed Dec 22 22:37:59 2021,16.5,-7.5,HD3025G_30W
Wed Dec 22 22:38:02 2021,16.5,-7.5,HD3025G_30W
Wed Dec 22 22:38:05 2021,16.6,-7.5,HD3025G_30W
Wed Dec 22 22:38:07 2021,16.6,-7.5,HD3025G_30W
Wed Dec 22 22:38:09 2021,16.6,-7.5,HD3025G_30W
Wed Dec 22 22:38:11 2021,16.6,-7.5,HD3025G_30W
Wed Dec 22 22:38:13 2021,16.6,-7.5,HD3025G_30W
Wed Dec 22 22:38:16 2021,16.6,-7.4,HD3025G_30W
Wed Dec 22 22:38:18 2021,16.6,-7.4,HD3025G_30W
Wed Dec 22 22:38:21 2021,16.6,-7.4,HD3025G_30W
Wed Dec 22 22:38:24 2021,16.7,-7.4,HD3025G_30W
Wed Dec 22 22:38:26 2021,16.7,-7.4,HD3025G_30W
Wed Dec 22 22:38:28 2021,16.7,-7.5,HD3025G_30W
Wed Dec 22 22:38:30 2021,16.8,-7.4,HD3025G_30W
Wed Dec 22 22:38:32 2021,16.7,-7.4,HD3025G_30W
Wed Dec 22 22:38:35 2021,16.7,-7.4,HD3025G_30W
Wed Dec 22 22:38:37 2021,16.8,-7.4,HD3025G_30W
Wed Dec 22 22:38:39 2021,16.8,-7.4,HD3025G_30W
Wed Dec 22 22:38:42 2021,16.8,-7.4,HD3025G_30W
Wed Dec 22 22:38:45 2021,16.8,-7.4,HD3025G_30W
Wed Dec 22 22:38:47 2021,16.8,-7.4,HD3025G_30W
Wed Dec 22 22:38:49 2021,16.9,-7.4,HD3025G_30W
Wed Dec 22 22:38:52 2021,16.9,-7.4,HD3025G_30W
Wed Dec 22 22:38:54 2021,16.9,-7.4,HD3025G_30W
Wed Dec 22 22:38:56 2021,16.9,-7.4,HD3025G_30W
Wed Dec 22 22:38:58 2021,16.9,-7.4,HD3025G_30W
Wed Dec 22 22:39:01 2021,16.9,-7.4,HD3025G_30W
Wed Dec 22 22:39:03 2021,16.9,-7.4,HD3025G_30W
Wed Dec 22 22:39:06 2021,16.9,-7.4,HD3025G_30W
Wed Dec 22 22:39:08 2021,16.9,-7.4,HD3025G_30W
Wed Dec 22 22:39:10 2021,16.9,-7.4,HD3025G_30W
Wed Dec 22 22:39:12 2021,17.0,-7.4,HD3025G_30W
Wed Dec 22 22:39:15 2021,17.0,-7.4,HD3025G_30W
Wed Dec 22 22:39:17 2021,17.0,-7.4,HD3025G_30W
Wed Dec 22 22:39:19 2021,17.0,-7.4,HD3025G_30W
Wed Dec 22 22:39:21 2021,17.0,-7.4,HD3025G_30W
Wed Dec 22 22:39:24 2021,17.0,-7.4,HD3025G_30W
Wed Dec 22 22:39:26 2021,17.0,-7.4,HD3025G_30W
Wed Dec 22 22:39:28 2021,17.0,-7.4,HD3025G_30W
Wed Dec 22 22:39:30 2021,17.1,-7.4,HD3025G_30W
Wed Dec 22 22:39:32 2021,17.1,-7.4,HD3025G_30W
Wed Dec 22 22:39:35 2021,17.1,-7.4,HD3025G_30W
Wed Dec 22 22:39:37 2021,17.1,-7.4,HD3025G_30W
Wed Dec 22 22:39:39 2021,17.1,-7.4,HD3025G_30W
Wed Dec 22 22:39:41 2021,17.2,-7.4,HD3025G_30W
Wed Dec 22 22:39:43 2021,17.1,-7.4,HD3025G_30W
Wed Dec 22 22:39:46 2021,17.1,-7.4,HD3025G_30W
Wed Dec 22 22:39:49 2021,17.1,-7.4,HD3025G_30W
Wed Dec 22 22:39:51 2021,17.2,-7.4,HD3025G_30W
Wed Dec 22 22:39:53 2021,17.2,-7.4,HD3025G_30W
Wed Dec 22 22:39:55 2021,17.2,-7.4,HD3025G_30W
Wed Dec 22 22:39:59 2021,17.2,-7.4,HD3025G_30W
Wed Dec 22 22:40:01 2021,17.2,-7.4,HD3025G_30W
Wed Dec 22 22:40:03 2021,17.2,-7.4,HD3025G_30W
Wed Dec 22 22:40:05 2021,17.3,-7.4,HD3025G_30W
Wed Dec 22 22:40:07 2021,17.3,-7.4,HD3025G_30W
Wed Dec 22 22:40:10 2021,17.3,-7.4,HD3025G_30W
Wed Dec 22 22:40:12 2021,17.3,-7.4,HD3025G_30W
Wed Dec 22 22:40:14 2021,17.3,-7.4,HD3025G_30W
Wed Dec 22 22:40:16 2021,17.3,-7.4,HD3025G_30W
Wed Dec 22 22:40:18 2021,17.3,-7.4,HD3025G_30W
Wed Dec 22 22:40:21 2021,17.3,-7.4,HD3025G_30W
Wed Dec 22 22:40:23 2021,17.3,-7.4,HD3025G_30W
Wed Dec 22 22:40:25 2021,17.4,-7.4,HD3025G_30W
Wed Dec 22 22:40:27 2021,17.4,-7.4,HD3025G_30W
Wed Dec 22 22:40:29 2021,17.4,-7.4,HD3025G_30W
Wed Dec 22 22:40:32 2021,17.4,-7.4,HD3025G_30W
Wed Dec 22 22:40:34 2021,17.4,-7.4,HD3025G_30W
Wed Dec 22 22:40:36 2021,17.4,-7.4,HD3025G_30W
Wed Dec 22 22:40:38 2021,17.4,-7.4,HD3025G_30W
Wed Dec 22 22:40:40 2021,17.4,-7.4,HD3025G_30W
Wed Dec 22 22:40:43 2021,17.5,-7.4,HD3025G_30W
Wed Dec 22 22:40:45 2021,17.4,-7.4,HD3025G_30W
Wed Dec 22 22:40:47 2021,17.5,-7.4,HD3025G_30W
Wed Dec 22 22:40:49 2021,17.5,-7.4,HD3025G_30W
Wed Dec 22 22:40:52 2021,17.5,-7.4,HD3025G_30W
Wed Dec 22 22:40:54 2021,17.5,-7.4,HD3025G_30W
Wed Dec 22 22:40:56 2021,17.5,-7.4,HD3025G_30W
Wed Dec 22 22:40:58 2021,17.5,-7.4,HD3025G_30W
Wed Dec 22 22:41:00 2021,17.5,-7.4,HD3025G_30W
Wed Dec 22 22:41:03 2021,17.5,-7.3,HD3025G_30W
Wed Dec 22 22:41:05 2021,17.6,-7.3,HD3025G_30W
Wed Dec 22 22:41:08 2021,17.6,-7.3,HD3025G_30W
Wed Dec 22 22:41:11 2021,17.6,-7.4,HD3025G_30W
Wed Dec 22 22:41:13 2021,17.6,-7.3,HD3025G_30W
Wed Dec 22 22:41:16 2021,17.6,-7.3,HD3025G_30W
Wed Dec 22 22:41:18 2021,17.6,-7.3,HD3025G_30W
Wed Dec 22 22:41:20 2021,17.6,-7.3,HD3025G_30W
Wed Dec 22 22:41:22 2021,17.6,-7.4,HD3025G_30W
Wed Dec 22 22:41:24 2021,17.6,-7.4,HD3025G_30W
Wed Dec 22 22:41:27 2021,17.6,-7.4,HD3025G_30W
Wed Dec 22 22:41:29 2021,17.6,-7.3,HD3025G_30W
Wed Dec 22 22:41:32 2021,17.7,-7.4,HD3025G_30W
Wed Dec 22 22:41:34 2021,17.7,-7.4,HD3025G_30W
Wed Dec 22 22:41:36 2021,17.7,-7.4,HD3025G_30W
Wed Dec 22 22:41:39 2021,17.7,-7.4,HD3025G_30W
Wed Dec 22 22:41:41 2021,17.7,-7.4,HD3025G_30W
Wed Dec 22 22:41:43 2021,17.7,-7.4,HD3025G_30W
Wed Dec 22 22:41:45 2021,17.7,-7.4,HD3025G_30W
Wed Dec 22 22:41:48 2021,17.7,-7.4,HD3025G_30W
Wed Dec 22 22:41:50 2021,17.8,-7.4,HD3025G_30W
Wed Dec 22 22:41:52 2021,17.8,-7.4,HD3025G_30W
Wed Dec 22 22:41:55 2021,17.8,-7.4,HD3025G_30W
Wed Dec 22 22:41:58 2021,17.8,-7.4,HD3025G_30W
Wed Dec 22 22:42:00 2021,17.8,-7.4,HD3025G_30W
Wed Dec 22 22:42:02 2021,17.8,-7.4,HD3025G_30W
Wed Dec 22 22:42:04 2021,17.8,-7.4,HD3025G_30W
Wed Dec 22 22:42:07 2021,17.8,-7.4,HD3025G_30W
Wed Dec 22 22:42:09 2021,17.8,-7.4,HD3025G_30W
Wed Dec 22 22:42:11 2021,17.8,-7.4,HD3025G_30W
Wed Dec 22 22:42:13 2021,17.9,-7.4,HD3025G_30W
Wed Dec 22 22:42:15 2021,17.9,-7.4,HD3025G_30W
Wed Dec 22 22:42:18 2021,17.9,-7.4,HD3025G_30W
Wed Dec 22 22:42:21 2021,17.9,-7.4,HD3025G_30W
Wed Dec 22 22:42:23 2021,17.9,-7.4,HD3025G_30W
Wed Dec 22 22:42:25 2021,17.9,-7.4,HD3025G_30W
Wed Dec 22 22:42:27 2021,17.9,-7.4,HD3025G_30W
Wed Dec 22 22:42:30 2021,17.9,-7.4,HD3025G_30W
Wed Dec 22 22:42:32 2021,18.0,-7.4,HD3025G_30W
Wed Dec 22 22:42:34 2021,18.0,-7.4,HD3025G_30W
Wed Dec 22 22:42:36 2021,18.0,-7.4,HD3025G_30W
Wed Dec 22 22:42:38 2021,18.0,-7.4,HD3025G_30W
Wed Dec 22 22:42:41 2021,18.0,-7.4,HD3025G_30W
Wed Dec 22 22:42:43 2021,18.0,-7.4,HD3025G_30W
Wed Dec 22 22:42:45 2021,18.0,-7.4,HD3025G_30W
Wed Dec 22 22:42:47 2021,18.0,-7.4,HD3025G_30W
Wed Dec 22 22:42:50 2021,18.0,-7.4,HD3025G_30W
Wed Dec 22 22:42:53 2021,18.0,-7.4,HD3025G_30W
Wed Dec 22 22:42:55 2021,18.0,-7.4,HD3025G_30W
Wed Dec 22 22:42:58 2021,18.1,-7.4,HD3025G_30W
Wed Dec 22 22:43:01 2021,18.1,-7.4,HD3025G_30W
Wed Dec 22 22:43:03 2021,18.1,-7.4,HD3025G_30W
Wed Dec 22 22:43:05 2021,18.1,-7.4,HD3025G_30W
Wed Dec 22 22:43:07 2021,18.2,-7.4,HD3025G_30W
Wed Dec 22 22:43:10 2021,18.2,-7.4,HD3025G_30W
Wed Dec 22 22:43:12 2021,18.2,-7.4,HD3025G_30W
Wed Dec 22 22:43:14 2021,18.2,-7.4,HD3025G_30W
Wed Dec 22 22:43:16 2021,18.2,-7.4,HD3025G_30W
Wed Dec 22 22:43:18 2021,18.2,-7.4,HD3025G_30W
Wed Dec 22 22:43:21 2021,18.2,-7.4,HD3025G_30W
Wed Dec 22 22:43:23 2021,18.2,-7.4,HD3025G_30W
Wed Dec 22 22:43:25 2021,18.2,-7.4,HD3025G_30W
Wed Dec 22 22:43:27 2021,18.3,-7.4,HD3025G_30W
Wed Dec 22 22:43:29 2021,18.3,-7.4,HD3025G_30W
Wed Dec 22 22:43:32 2021,18.3,-7.4,HD3025G_30W
Wed Dec 22 22:43:34 2021,18.3,-7.4,HD3025G_30W
Wed Dec 22 22:43:36 2021,18.3,-7.4,HD3025G_30W
Wed Dec 22 22:43:38 2021,18.3,-7.4,HD3025G_30W
Wed Dec 22 22:43:40 2021,18.3,-7.4,HD3025G_30W
Wed Dec 22 22:43:43 2021,18.3,-7.4,HD3025G_30W
Wed Dec 22 22:43:45 2021,18.4,-7.4,HD3025G_30W
Wed Dec 22 22:43:47 2021,18.4,-7.4,HD3025G_30W
Wed Dec 22 22:43:49 2021,18.4,-7.4,HD3025G_30W
Wed Dec 22 22:43:52 2021,18.4,-7.4,HD3025G_30W
Wed Dec 22 22:43:54 2021,18.4,-7.4,HD3025G_30W
Wed Dec 22 22:43:56 2021,18.4,-7.3,HD3025G_30W
Wed Dec 22 22:43:58 2021,18.4,-7.4,HD3025G_30W
Wed Dec 22 22:44:00 2021,18.4,-7.3,HD3025G_30W
Wed Dec 22 22:44:03 2021,18.4,-7.3,HD3025G_30W
Wed Dec 22 22:44:05 2021,18.4,-7.3,HD3025G_30W
Wed Dec 22 22:44:07 2021,18.4,-7.3,HD3025G_30W
Wed Dec 22 22:44:09 2021,18.5,-7.3,HD3025G_30W
Wed Dec 22 22:44:11 2021,18.5,-7.4,HD3025G_30W
Wed Dec 22 22:44:14 2021,18.5,-7.4,HD3025G_30W
Wed Dec 22 22:44:16 2021,18.5,-7.3,HD3025G_30W
Wed Dec 22 22:44:18 2021,18.5,-7.3,HD3025G_30W
Wed Dec 22 22:44:20 2021,18.5,-7.3,HD3025G_30W
Wed Dec 22 22:44:22 2021,18.5,-7.4,HD3025G_30W
Wed Dec 22 22:44:25 2021,18.6,-7.3,HD3025G_30W
Wed Dec 22 22:44:27 2021,18.6,-7.3,HD3025G_30W
Wed Dec 22 22:44:29 2021,18.6,-7.3,HD3025G_30W
Wed Dec 22 22:44:31 2021,18.6,-7.3,HD3025G_30W
Wed Dec 22 22:44:33 2021,18.6,-7.3,HD3025G_30W
Wed Dec 22 22:44:36 2021,18.6,-7.3,HD3025G_30W
Wed Dec 22 22:44:38 2021,18.6,-7.3,HD3025G_30W
Wed Dec 22 22:44:40 2021,18.7,-7.3,HD3025G_30W
Wed Dec 22 22:44:42 2021,18.7,-7.3,HD3025G_30W
Wed Dec 22 22:44:44 2021,18.6,-7.3,HD3025G_30W
Wed Dec 22 22:44:47 2021,18.7,-7.3,HD3025G_30W
Wed Dec 22 22:44:49 2021,18.7,-7.3,HD3025G_30W
Wed Dec 22 22:44:51 2021,18.7,-7.3,HD3025G_30W
Wed Dec 22 22:44:53 2021,18.7,-7.3,HD3025G_30W
Wed Dec 22 22:44:55 2021,18.7,-7.3,HD3025G_30W
Wed Dec 22 22:44:58 2021,18.7,-7.3,HD3025G_30W
Wed Dec 22 22:45:00 2021,18.8,-7.3,HD3025G_30W
Wed Dec 22 22:45:02 2021,18.8,-7.3,HD3025G_30W
Wed Dec 22 22:45:04 2021,18.8,-7.3,HD3025G_30W
Wed Dec 22 22:45:06 2021,18.8,-7.3,HD3025G_30W
Wed Dec 22 22:45:09 2021,18.8,-7.3,HD3025G_30W
Wed Dec 22 22:45:11 2021,18.8,-7.3,HD3025G_30W
Wed Dec 22 22:45:13 2021,18.8,-7.3,HD3025G_30W
Wed Dec 22 22:45:15 2021,18.8,-7.3,HD3025G_30W
Wed Dec 22 22:45:18 2021,18.8,-7.3,HD3025G_30W
Wed Dec 22 22:45:20 2021,18.8,-7.3,HD3025G_30W
Wed Dec 22 22:45:22 2021,18.8,-7.3,HD3025G_30W
Wed Dec 22 22:45:24 2021,18.8,-7.3,HD3025G_30W
Wed Dec 22 22:45:26 2021,18.8,-7.3,HD3025G_30W
Wed Dec 22 22:45:29 2021,18.9,-7.3,HD3025G_30W
Wed Dec 22 22:45:31 2021,18.9,-7.3,HD3025G_30W
Wed Dec 22 22:45:33 2021,18.9,-7.3,HD3025G_30W
Wed Dec 22 22:45:35 2021,18.9,-7.3,HD3025G_30W
Wed Dec 22 22:45:37 2021,18.9,-7.3,HD3025G_30W
Wed Dec 22 22:45:40 2021,18.9,-7.3,HD3025G_30W
Wed Dec 22 22:45:42 2021,18.9,-7.3,HD3025G_30W
Wed Dec 22 22:45:44 2021,18.9,-7.3,HD3025G_30W
Wed Dec 22 22:45:46 2021,18.9,-7.3,HD3025G_30W
Wed Dec 22 22:45:48 2021,18.9,-7.3,HD3025G_30W
Wed Dec 22 22:45:51 2021,19.0,-7.3,HD3025G_30W
Wed Dec 22 22:45:53 2021,19.0,-7.3,HD3025G_30W
Wed Dec 22 22:45:55 2021,19.0,-7.3,HD3025G_30W
Wed Dec 22 22:45:58 2021,19.0,-7.3,HD3025G_30W
Wed Dec 22 22:46:00 2021,19.0,-7.4,HD3025G_30W
Wed Dec 22 22:46:02 2021,19.0,-7.3,HD3025G_30W
Wed Dec 22 22:46:05 2021,19.0,-7.3,HD3025G_30W
Wed Dec 22 22:46:08 2021,19.1,-7.3,HD3025G_30W
Wed Dec 22 22:46:10 2021,19.1,-7.3,HD3025G_30W
Wed Dec 22 22:46:12 2021,19.1,-7.3,HD3025G_30W
Wed Dec 22 22:46:15 2021,19.1,-7.3,HD3025G_30W
Wed Dec 22 22:46:17 2021,19.1,-7.3,HD3025G_30W
Wed Dec 22 22:46:19 2021,19.1,-7.3,HD3025G_30W
Wed Dec 22 22:46:21 2021,19.1,-7.3,HD3025G_30W
Wed Dec 22 22:46:23 2021,19.2,-7.3,HD3025G_30W
Wed Dec 22 22:46:26 2021,19.2,-7.3,HD3025G_30W
Wed Dec 22 22:46:28 2021,19.2,-7.3,HD3025G_30W
Wed Dec 22 22:46:31 2021,19.2,-7.3,HD3025G_30W
Wed Dec 22 22:46:33 2021,19.2,-7.3,HD3025G_30W
Wed Dec 22 22:46:35 2021,19.2,-7.4,HD3025G_30W
Wed Dec 22 22:46:38 2021,19.2,-7.3,HD3025G_30W
Wed Dec 22 22:46:40 2021,19.2,-7.3,HD3025G_30W
Wed Dec 22 22:46:42 2021,19.2,-7.3,HD3025G_30W
Wed Dec 22 22:46:44 2021,19.2,-7.3,HD3025G_30W
Wed Dec 22 22:46:47 2021,19.3,-7.3,HD3025G_30W
Wed Dec 22 22:46:49 2021,19.3,-7.3,HD3025G_30W
Wed Dec 22 22:46:51 2021,19.3,-7.3,HD3025G_30W
Wed Dec 22 22:46:54 2021,19.3,-7.3,HD3025G_30W
Wed Dec 22 22:46:56 2021,19.3,-7.3,HD3025G_30W
Wed Dec 22 22:46:59 2021,19.3,-7.3,HD3025G_30W
Wed Dec 22 22:47:01 2021,19.3,-7.3,HD3025G_30W
Wed Dec 22 22:47:03 2021,19.3,-7.3,HD3025G_30W
Wed Dec 22 22:47:06 2021,19.4,-7.3,HD3025G_30W
Wed Dec 22 22:47:08 2021,19.4,-7.3,HD3025G_30W
Wed Dec 22 22:47:10 2021,19.4,-7.3,HD3025G_30W
Wed Dec 22 22:47:12 2021,19.4,-7.3,HD3025G_30W
Wed Dec 22 22:47:14 2021,19.4,-7.3,HD3025G_30W
Wed Dec 22 22:47:17 2021,19.4,-7.2,HD3025G_30W
Wed Dec 22 22:47:19 2021,19.4,-7.3,HD3025G_30W
Wed Dec 22 22:47:21 2021,19.4,-7.2,HD3025G_30W
Wed Dec 22 22:47:23 2021,19.4,-7.2,HD3025G_30W
Wed Dec 22 22:47:26 2021,19.4,-7.3,HD3025G_30W
Wed Dec 22 22:47:28 2021,19.4,-7.3,HD3025G_30W
Wed Dec 22 22:47:30 2021,19.4,-7.3,HD3025G_30W
Wed Dec 22 22:47:32 2021,19.4,-7.3,HD3025G_30W
Wed Dec 22 22:47:34 2021,19.4,-7.3,HD3025G_30W
Wed Dec 22 22:47:37 2021,19.4,-7.2,HD3025G_30W
Wed Dec 22 22:47:39 2021,19.4,-7.2,HD3025G_30W
Wed Dec 22 22:47:41 2021,19.5,-7.2,HD3025G_30W
Wed Dec 22 22:47:43 2021,19.5,-7.3,HD3025G_30W
Wed Dec 22 22:47:45 2021,19.5,-7.3,HD3025G_30W
Wed Dec 22 22:47:48 2021,19.5,-7.3,HD3025G_30W
Wed Dec 22 22:47:51 2021,19.5,-7.3,HD3025G_30W
Wed Dec 22 22:47:53 2021,19.5,-7.3,HD3025G_30W
Wed Dec 22 22:47:56 2021,19.5,-7.3,HD3025G_30W
Wed Dec 22 22:47:58 2021,19.6,-7.3,HD3025G_30W
Wed Dec 22 22:48:01 2021,19.6,-7.3,HD3025G_30W
Wed Dec 22 22:48:03 2021,19.6,-7.3,HD3025G_30W
Wed Dec 22 22:48:05 2021,19.6,-7.3,HD3025G_30W
Wed Dec 22 22:48:08 2021,19.6,-7.3,HD3025G_30W
Wed Dec 22 22:48:10 2021,19.7,-7.3,HD3025G_30W
Wed Dec 22 22:48:12 2021,19.7,-7.3,HD3025G_30W
Wed Dec 22 22:48:14 2021,19.7,-7.3,HD3025G_30W
Wed Dec 22 22:48:17 2021,19.7,-7.3,HD3025G_30W
Wed Dec 22 22:48:19 2021,19.7,-7.3,HD3025G_30W
Wed Dec 22 22:48:21 2021,19.7,-7.3,HD3025G_30W
Wed Dec 22 22:48:24 2021,19.7,-7.3,HD3025G_30W
Wed Dec 22 22:48:26 2021,19.8,-7.3,HD3025G_30W
Wed Dec 22 22:48:28 2021,19.8,-7.3,HD3025G_30W
Wed Dec 22 22:48:30 2021,19.8,-7.3,HD3025G_30W
Wed Dec 22 22:48:32 2021,19.8,-7.3,HD3025G_30W
Wed Dec 22 22:48:35 2021,19.8,-7.3,HD3025G_30W
Wed Dec 22 22:48:37 2021,19.9,-7.3,HD3025G_30W
Wed Dec 22 22:48:40 2021,19.9,-7.3,HD3025G_30W
Wed Dec 22 22:48:42 2021,19.9,-7.3,HD3025G_30W
Wed Dec 22 22:48:44 2021,19.9,-7.3,HD3025G_30W
Wed Dec 22 22:48:48 2021,19.9,-7.3,HD3025G_30W
Wed Dec 22 22:48:50 2021,19.9,-7.3,HD3025G_30W
Wed Dec 22 22:48:52 2021,19.9,-7.3,HD3025G_30W
Wed Dec 22 22:48:54 2021,20.0,-7.3,HD3025G_30W
Wed Dec 22 22:48:57 2021,20.0,-7.3,HD3025G_30W
Wed Dec 22 22:48:59 2021,20.0,-7.3,HD3025G_30W
Wed Dec 22 22:49:01 2021,20.0,-7.3,HD3025G_30W
Wed Dec 22 22:49:03 2021,20.0,-7.3,HD3025G_30W
Wed Dec 22 22:49:05 2021,20.0,-7.3,HD3025G_30W
Wed Dec 22 22:49:08 2021,20.0,-7.3,HD3025G_30W
Wed Dec 22 22:49:10 2021,20.0,-7.3,HD3025G_30W
Wed Dec 22 22:49:12 2021,20.0,-7.3,HD3025G_30W
Wed Dec 22 22:49:14 2021,20.0,-7.3,HD3025G_30W
Wed Dec 22 22:49:16 2021,20.0,-7.3,HD3025G_30W
Wed Dec 22 22:49:19 2021,20.1,-7.3,HD3025G_30W
Wed Dec 22 22:49:21 2021,20.1,-7.3,HD3025G_30W
Wed Dec 22 22:49:23 2021,20.1,-7.3,HD3025G_30W
Wed Dec 22 22:49:26 2021,20.1,-7.3,HD3025G_30W
Wed Dec 22 22:49:28 2021,20.1,-7.3,HD3025G_30W
Wed Dec 22 22:49:31 2021,20.1,-7.3,HD3025G_30W
Wed Dec 22 22:49:33 2021,20.2,-7.3,HD3025G_30W
Wed Dec 22 22:49:35 2021,20.1,-7.3,HD3025G_30W
Wed Dec 22 22:49:37 2021,20.1,-7.3,HD3025G_30W
Wed Dec 22 22:49:39 2021,20.1,-7.3,HD3025G_30W
Wed Dec 22 22:49:43 2021,20.1,-7.3,HD3025G_30W
Wed Dec 22 22:49:45 2021,20.1,-7.3,HD3025G_30W
Wed Dec 22 22:49:47 2021,20.1,-7.3,HD3025G_30W
Wed Dec 22 22:49:49 2021,20.2,-7.3,HD3025G_30W
Wed Dec 22 22:49:51 2021,20.2,-7.3,HD3025G_30W
Wed Dec 22 22:49:54 2021,20.2,-7.3,HD3025G_30W
Wed Dec 22 22:49:56 2021,20.1,-7.3,HD3025G_30W
Wed Dec 22 22:49:59 2021,20.2,-7.3,HD3025G_30W
Wed Dec 22 22:50:01 2021,20.2,-7.3,HD3025G_30W
Wed Dec 22 22:50:03 2021,20.2,-7.3,HD3025G_30W
Wed Dec 22 22:50:06 2021,20.2,-7.3,HD3025G_30W
Wed Dec 22 22:50:08 2021,20.2,-7.3,HD3025G_30W
Wed Dec 22 22:50:10 2021,20.2,-7.3,HD3025G_30W
Wed Dec 22 22:50:12 2021,20.3,-7.3,HD3025G_30W
Wed Dec 22 22:50:14 2021,20.2,-7.3,HD3025G_30W
Wed Dec 22 22:50:17 2021,20.3,-7.3,HD3025G_30W
Wed Dec 22 22:50:19 2021,20.3,-7.3,HD3025G_30W
Wed Dec 22 22:50:23 2021,20.3,-7.3,HD3025G_30W
Wed Dec 22 22:50:25 2021,20.3,-7.3,HD3025G_30W
Wed Dec 22 22:50:27 2021,20.3,-7.3,HD3025G_30W
Wed Dec 22 22:50:29 2021,20.3,-7.3,HD3025G_30W
Wed Dec 22 22:50:31 2021,20.3,-7.3,HD3025G_30W
Wed Dec 22 22:50:34 2021,20.3,-7.3,HD3025G_30W
Wed Dec 22 22:50:36 2021,20.3,-7.3,HD3025G_30W
Wed Dec 22 22:50:39 2021,20.3,-7.4,HD3025G_30W
Wed Dec 22 22:50:41 2021,20.3,-7.3,HD3025G_30W
Wed Dec 22 22:50:43 2021,20.4,-7.3,HD3025G_30W
Wed Dec 22 22:50:45 2021,20.4,-7.3,HD3025G_30W
Wed Dec 22 22:50:47 2021,20.4,-7.4,HD3025G_30W
Wed Dec 22 22:50:50 2021,20.4,-7.4,HD3025G_30W
Wed Dec 22 22:50:52 2021,20.4,-7.3,HD3025G_30W
Wed Dec 22 22:50:54 2021,20.4,-7.3,HD3025G_30W
Wed Dec 22 22:50:56 2021,20.4,-7.4,HD3025G_30W
Wed Dec 22 22:50:58 2021,20.4,-7.4,HD3025G_30W
Wed Dec 22 22:51:01 2021,20.4,-7.4,HD3025G_30W
Wed Dec 22 22:51:03 2021,20.4,-7.4,HD3025G_30W
Wed Dec 22 22:51:05 2021,20.4,-7.4,HD3025G_30W
Wed Dec 22 22:51:08 2021,20.4,-7.4,HD3025G_30W
Wed Dec 22 22:51:10 2021,20.4,-7.4,HD3025G_30W
Wed Dec 22 22:51:13 2021,20.4,-7.4,HD3025G_30W
Wed Dec 22 22:51:15 2021,20.4,-7.4,HD3025G_30W
Wed Dec 22 22:51:18 2021,20.4,-7.4,HD3025G_30W
Wed Dec 22 22:51:20 2021,20.4,-7.4,HD3025G_30W
Wed Dec 22 22:51:22 2021,20.5,-7.4,HD3025G_30W
Wed Dec 22 22:51:25 2021,20.5,-7.4,HD3025G_30W
Wed Dec 22 22:51:27 2021,20.5,-7.4,HD3025G_30W
Wed Dec 22 22:51:30 2021,20.5,-7.4,HD3025G_30W
Wed Dec 22 22:51:32 2021,20.5,-7.4,HD3025G_30W
Wed Dec 22 22:51:34 2021,20.5,-7.4,HD3025G_30W
Wed Dec 22 22:51:36 2021,20.5,-7.4,HD3025G_30W
Wed Dec 22 22:51:38 2021,20.5,-7.4,HD3025G_30W
Wed Dec 22 22:51:41 2021,20.5,-7.4,HD3025G_30W
Wed Dec 22 22:51:43 2021,20.5,-7.3,HD3025G_30W
Wed Dec 22 22:51:45 2021,20.5,-7.4,HD3025G_30W
Wed Dec 22 22:51:47 2021,20.5,-7.4,HD3025G_30W
Wed Dec 22 22:51:49 2021,20.5,-7.4,HD3025G_30W
Wed Dec 22 22:51:52 2021,20.5,-7.3,HD3025G_30W
Wed Dec 22 22:51:54 2021,20.5,-7.3,HD3025G_30W
Wed Dec 22 22:51:57 2021,20.5,-7.3,HD3025G_30W
Wed Dec 22 22:51:59 2021,20.6,-7.3,HD3025G_30W
Wed Dec 22 22:52:02 2021,20.6,-7.3,HD3025G_30W
Wed Dec 22 22:52:05 2021,20.5,-7.4,HD3025G_30W
Wed Dec 22 22:52:07 2021,20.5,-7.4,HD3025G_30W
Wed Dec 22 22:52:10 2021,20.5,-7.4,HD3025G_30W
Wed Dec 22 22:52:12 2021,20.5,-7.4,HD3025G_30W
Wed Dec 22 22:52:14 2021,20.6,-7.4,HD3025G_30W
Wed Dec 22 22:52:16 2021,20.6,-7.4,HD3025G_30W
Wed Dec 22 22:52:18 2021,20.6,-7.4,HD3025G_30W
Wed Dec 22 22:52:21 2021,20.6,-7.4,HD3025G_30W
Wed Dec 22 22:52:23 2021,20.6,-7.4,HD3025G_30W
Wed Dec 22 22:52:25 2021,20.6,-7.4,HD3025G_30W
Wed Dec 22 22:52:28 2021,20.6,-7.4,HD3025G_30W
Wed Dec 22 22:52:30 2021,20.6,-7.4,HD3025G_30W
Wed Dec 22 22:52:33 2021,20.6,-7.4,HD3025G_30W
Wed Dec 22 22:52:35 2021,20.6,-7.4,HD3025G_30W
Wed Dec 22 22:52:38 2021,20.6,-7.4,HD3025G_30W
Wed Dec 22 22:52:40 2021,20.6,-7.4,HD3025G_30W
Wed Dec 22 22:52:42 2021,20.6,-7.4,HD3025G_30W
Wed Dec 22 22:52:44 2021,20.6,-7.4,HD3025G_30W
Wed Dec 22 22:52:47 2021,20.6,-7.4,HD3025G_30W
Wed Dec 22 22:52:49 2021,20.6,-7.4,HD3025G_30W
Wed Dec 22 22:52:51 2021,20.6,-7.4,HD3025G_30W
Wed Dec 22 22:52:53 2021,20.6,-7.4,HD3025G_30W
Wed Dec 22 22:52:56 2021,20.6,-7.4,HD3025G_30W
Wed Dec 22 22:52:58 2021,20.6,-7.4,HD3025G_30W
Wed Dec 22 22:53:00 2021,20.6,-7.4,HD3025G_30W
Wed Dec 22 22:53:02 2021,20.6,-7.4,HD3025G_30W
Wed Dec 22 22:53:04 2021,20.6,-7.4,HD3025G_30W
Wed Dec 22 22:53:07 2021,20.7,-7.4,HD3025G_30W
Wed Dec 22 22:53:09 2021,20.6,-7.4,HD3025G_30W
Wed Dec 22 22:53:11 2021,20.6,-7.4,HD3025G_30W
Wed Dec 22 22:53:13 2021,20.6,-7.4,HD3025G_30W
Wed Dec 22 22:53:16 2021,20.6,-7.4,HD3025G_30W
Wed Dec 22 22:53:19 2021,20.7,-7.4,HD3025G_30W
Wed Dec 22 22:53:21 2021,20.7,-7.4,HD3025G_30W
Wed Dec 22 22:53:23 2021,20.7,-7.4,HD3025G_30W
Wed Dec 22 22:53:25 2021,20.7,-7.4,HD3025G_30W
Wed Dec 22 22:53:28 2021,20.7,-7.4,HD3025G_30W
Wed Dec 22 22:53:30 2021,20.6,-7.4,HD3025G_30W
Wed Dec 22 22:53:32 2021,20.7,-7.4,HD3025G_30W
Wed Dec 22 22:53:35 2021,20.7,-7.4,HD3025G_30W
Wed Dec 22 22:53:37 2021,20.7,-7.4,HD3025G_30W
Wed Dec 22 22:53:39 2021,20.7,-7.4,HD3025G_30W
Wed Dec 22 22:53:41 2021,20.7,-7.4,HD3025G_30W
Wed Dec 22 22:53:43 2021,20.7,-7.4,HD3025G_30W
Wed Dec 22 22:53:46 2021,20.7,-7.4,HD3025G_30W
Wed Dec 22 22:53:49 2021,20.7,-7.4,HD3025G_30W
Wed Dec 22 22:53:51 2021,20.7,-7.4,HD3025G_30W
Wed Dec 22 22:53:53 2021,20.7,-7.4,HD3025G_30W
Wed Dec 22 22:53:55 2021,20.7,-7.4,HD3025G_30W
Wed Dec 22 22:53:59 2021,20.7,-7.4,HD3025G_30W
Wed Dec 22 22:54:01 2021,20.7,-7.4,HD3025G_30W
Wed Dec 22 22:54:03 2021,20.7,-7.4,HD3025G_30W
Wed Dec 22 22:54:05 2021,20.7,-7.4,HD3025G_30W
Wed Dec 22 22:54:08 2021,20.7,-7.4,HD3025G_30W
Wed Dec 22 22:54:10 2021,20.7,-7.4,HD3025G_30W
Wed Dec 22 22:54:12 2021,20.7,-7.4,HD3025G_30W
Wed Dec 22 22:54:15 2021,20.7,-7.4,HD3025G_30W
Wed Dec 22 22:54:17 2021,20.7,-7.4,HD3025G_30W
Wed Dec 22 22:54:19 2021,20.7,-7.4,HD3025G_30W
Wed Dec 22 22:54:21 2021,20.7,-7.4,HD3025G_30W
Wed Dec 22 22:54:24 2021,20.7,-7.4,HD3025G_30W
Wed Dec 22 22:54:26 2021,20.7,-7.4,HD3025G_30W
Wed Dec 22 22:54:29 2021,20.7,-7.4,HD3025G_30W
Wed Dec 22 22:54:31 2021,20.7,-7.4,HD3025G_30W
Wed Dec 22 22:54:34 2021,20.7,-7.4,HD3025G_30W
Wed Dec 22 22:54:36 2021,20.7,-7.4,HD3025G_30W
Wed Dec 22 22:54:38 2021,20.7,-7.4,HD3025G_30W
Wed Dec 22 22:54:40 2021,20.7,-7.4,HD3025G_30W
Wed Dec 22 22:54:43 2021,20.7,-7.4,HD3025G_30W
Wed Dec 22 22:54:45 2021,20.7,-7.4,HD3025G_30W
Wed Dec 22 22:54:47 2021,20.7,-7.4,HD3025G_30W
Wed Dec 22 22:54:49 2021,20.7,-7.4,HD3025G_30W
Wed Dec 22 22:54:51 2021,20.7,-7.4,HD3025G_30W
Wed Dec 22 22:54:54 2021,20.8,-7.4,HD3025G_30W
Wed Dec 22 22:54:56 2021,20.7,-7.4,HD3025G_30W
Wed Dec 22 22:54:58 2021,20.8,-7.4,HD3025G_30W
Wed Dec 22 22:55:01 2021,20.8,-7.4,HD3025G_30W
Wed Dec 22 22:55:03 2021,20.8,-7.5,HD3025G_30W
Wed Dec 22 22:55:06 2021,20.8,-7.4,HD3025G_30W
Wed Dec 22 22:55:08 2021,20.8,-7.4,HD3025G_30W
Wed Dec 22 22:55:11 2021,20.8,-7.4,HD3025G_30W
Wed Dec 22 22:55:13 2021,20.7,-7.4,HD3025G_30W
Wed Dec 22 22:55:15 2021,20.7,-7.4,HD3025G_30W
Wed Dec 22 22:55:17 2021,20.8,-7.4,HD3025G_30W
Wed Dec 22 22:55:19 2021,20.8,-7.4,HD3025G_30W
Wed Dec 22 22:55:22 2021,20.8,-7.4,HD3025G_30W
Wed Dec 22 22:55:24 2021,20.8,-7.4,HD3025G_30W
Wed Dec 22 22:55:26 2021,20.8,-7.4,HD3025G_30W
Wed Dec 22 22:55:28 2021,20.8,-7.4,HD3025G_30W
Wed Dec 22 22:55:30 2021,20.8,-7.4,HD3025G_30W
Wed Dec 22 22:55:33 2021,20.8,-7.4,HD3025G_30W
Wed Dec 22 22:55:35 2021,20.8,-7.4,HD3025G_30W
Wed Dec 22 22:55:38 2021,20.8,-7.4,HD3025G_30W
Wed Dec 22 22:55:40 2021,20.8,-7.4,HD3025G_30W
Wed Dec 22 22:55:43 2021,20.8,-7.4,HD3025G_30W
Wed Dec 22 22:55:46 2021,20.8,-7.4,HD3025G_30W
Wed Dec 22 22:55:48 2021,20.8,-7.4,HD3025G_30W
Wed Dec 22 22:55:51 2021,20.8,-7.4,HD3025G_30W
Wed Dec 22 22:55:53 2021,20.8,-7.4,HD3025G_30W
Wed Dec 22 22:55:55 2021,20.8,-7.4,HD3025G_30W
Wed Dec 22 22:55:57 2021,20.8,-7.4,HD3025G_30W
Wed Dec 22 22:55:59 2021,20.8,-7.4,HD3025G_30W
Wed Dec 22 22:56:02 2021,20.8,-7.4,HD3025G_30W
Wed Dec 22 22:56:04 2021,20.8,-7.4,HD3025G_30W
Wed Dec 22 22:56:06 2021,20.8,-7.4,HD3025G_30W
Wed Dec 22 22:56:08 2021,20.8,-7.4,HD3025G_30W
Wed Dec 22 22:56:10 2021,20.8,-7.4,HD3025G_30W
Wed Dec 22 22:56:13 2021,20.8,-7.4,HD3025G_30W
Wed Dec 22 22:56:15 2021,20.8,-7.4,HD3025G_30W
Wed Dec 22 22:56:17 2021,20.8,-7.4,HD3025G_30W
Wed Dec 22 22:56:19 2021,20.8,-7.4,HD3025G_30W
Wed Dec 22 22:56:22 2021,20.8,-7.4,HD3025G_30W
Wed Dec 22 22:56:25 2021,20.8,-7.4,HD3025G_30W
Wed Dec 22 22:56:27 2021,20.8,-7.4,HD3025G_30W
Wed Dec 22 22:56:30 2021,20.8,-7.4,HD3025G_30W
Wed Dec 22 22:56:32 2021,20.8,-7.4,HD3025G_30W
Wed Dec 22 22:56:34 2021,20.8,-7.3,HD3025G_30W
Wed Dec 22 22:56:37 2021,20.8,-7.3,HD3025G_30W
Wed Dec 22 22:56:39 2021,20.8,-7.3,HD3025G_30W
Wed Dec 22 22:56:41 2021,20.8,-7.3,HD3025G_30W
Wed Dec 22 22:56:43 2021,20.8,-7.4,HD3025G_30W
Wed Dec 22 22:56:45 2021,20.8,-7.3,HD3025G_30W
Wed Dec 22 22:56:48 2021,20.8,-7.3,HD3025G_30W
Wed Dec 22 22:56:50 2021,20.9,-7.3,HD3025G_30W
Wed Dec 22 22:56:52 2021,20.8,-7.3,HD3025G_30W
Wed Dec 22 22:56:54 2021,20.8,-7.3,HD3025G_30W
Wed Dec 22 22:56:56 2021,20.8,-7.3,HD3025G_30W
Wed Dec 22 22:56:59 2021,20.8,-7.3,HD3025G_30W
Wed Dec 22 22:57:01 2021,20.8,-7.3,HD3025G_30W
Wed Dec 22 22:57:03 2021,20.8,-7.3,HD3025G_30W
Wed Dec 22 22:57:05 2021,20.8,-7.3,HD3025G_30W
Wed Dec 22 22:57:08 2021,20.8,-7.3,HD3025G_30W
Wed Dec 22 22:57:10 2021,20.8,-7.3,HD3025G_30W
Wed Dec 22 22:57:12 2021,20.9,-7.3,HD3025G_30W
Wed Dec 22 22:57:14 2021,20.8,-7.3,HD3025G_30W
Wed Dec 22 22:57:16 2021,20.9,-7.2,HD3025G_30W
Wed Dec 22 22:57:19 2021,20.8,-7.3,HD3025G_30W
Wed Dec 22 22:57:21 2021,20.9,-7.2,HD3025G_30W
Wed Dec 22 22:57:23 2021,20.9,-7.2,HD3025G_30W
Wed Dec 22 22:57:25 2021,20.9,-7.2,HD3025G_30W
Wed Dec 22 22:57:27 2021,20.9,-7.2,HD3025G_30W
Wed Dec 22 22:57:30 2021,20.9,-7.2,HD3025G_30W
Wed Dec 22 22:57:32 2021,20.9,-7.2,HD3025G_30W
Wed Dec 22 22:57:34 2021,20.9,-7.2,HD3025G_30W
Wed Dec 22 22:57:37 2021,20.9,-7.2,HD3025G_30W
Wed Dec 22 22:57:39 2021,20.9,-7.2,HD3025G_30W
Wed Dec 22 22:57:41 2021,20.8,-7.2,HD3025G_30W
Wed Dec 22 22:57:43 2021,20.9,-7.2,HD3025G_30W
Wed Dec 22 22:57:46 2021,20.9,-7.2,HD3025G_30W
Wed Dec 22 22:57:48 2021,20.8,-7.2,HD3025G_30W
Wed Dec 22 22:57:50 2021,20.9,-7.2,HD3025G_30W
Wed Dec 22 22:57:52 2021,20.9,-7.2,HD3025G_30W
Wed Dec 22 22:57:54 2021,20.8,-7.1,HD3025G_30W
Wed Dec 22 22:57:57 2021,20.9,-7.2,HD3025G_30W
Wed Dec 22 22:57:59 2021,20.9,-7.2,HD3025G_30W
Wed Dec 22 22:58:02 2021,20.9,-7.2,HD3025G_30W
Wed Dec 22 22:58:05 2021,20.9,-7.2,HD3025G_30W
Wed Dec 22 22:58:07 2021,20.9,-7.2,HD3025G_30W
Wed Dec 22 22:58:09 2021,20.8,-7.2,HD3025G_30W
Wed Dec 22 22:58:11 2021,20.8,-7.2,HD3025G_30W
Wed Dec 22 22:58:13 2021,20.8,-7.2,HD3025G_30W
Wed Dec 22 22:58:16 2021,20.8,-7.2,HD3025G_30W
Wed Dec 22 22:58:18 2021,20.8,-7.2,HD3025G_30W
Wed Dec 22 22:58:21 2021,20.8,-7.2,HD3025G_30W
Wed Dec 22 22:58:23 2021,20.8,-7.2,HD3025G_30W
Wed Dec 22 22:58:25 2021,20.9,-7.2,HD3025G_30W
Wed Dec 22 22:58:27 2021,20.8,-7.2,HD3025G_30W
Wed Dec 22 22:58:29 2021,20.8,-7.2,HD3025G_30W
Wed Dec 22 22:58:32 2021,20.9,-7.2,HD3025G_30W
Wed Dec 22 22:58:34 2021,20.9,-7.2,HD3025G_30W
Wed Dec 22 22:58:36 2021,20.8,-7.2,HD3025G_30W
Wed Dec 22 22:58:38 2021,20.9,-7.2,HD3025G_30W
Wed Dec 22 22:58:40 2021,20.9,-7.2,HD3025G_30W
Wed Dec 22 22:58:43 2021,20.9,-7.2,HD3025G_30W
Wed Dec 22 22:58:45 2021,20.9,-7.2,HD3025G_30W
Wed Dec 22 22:58:47 2021,20.8,-7.2,HD3025G_30W
Wed Dec 22 22:58:49 2021,20.9,-7.2,HD3025G_30W
Wed Dec 22 22:58:51 2021,20.9,-7.2,HD3025G_30W
Wed Dec 22 22:58:54 2021,20.9,-7.2,HD3025G_30W
Wed Dec 22 22:58:56 2021,20.9,-7.3,HD3025G_30W
Wed Dec 22 22:58:58 2021,20.9,-7.2,HD3025G_30W
Wed Dec 22 22:59:00 2021,20.9,-7.3,HD3025G_30W
Wed Dec 22 22:59:02 2021,20.9,-7.2,HD3025G_30W
Wed Dec 22 22:59:05 2021,20.9,-7.3,HD3025G_30W
Wed Dec 22 22:59:07 2021,20.9,-7.3,HD3025G_30W
Wed Dec 22 22:59:09 2021,20.9,-7.3,HD3025G_30W
Wed Dec 22 22:59:11 2021,20.9,-7.3,HD3025G_30W
Wed Dec 22 22:59:14 2021,20.9,-7.3,HD3025G_30W
Wed Dec 22 22:59:16 2021,20.9,-7.3,HD3025G_30W
Wed Dec 22 22:59:19 2021,20.9,-7.3,HD3025G_30W
Wed Dec 22 22:59:21 2021,20.9,-7.3,HD3025G_30W
Wed Dec 22 22:59:23 2021,20.9,-7.3,HD3025G_30W
Wed Dec 22 22:59:26 2021,20.9,-7.3,HD3025G_30W
Wed Dec 22 22:59:28 2021,20.9,-7.3,HD3025G_30W
Wed Dec 22 22:59:30 2021,20.9,-7.3,HD3025G_30W
Wed Dec 22 22:59:32 2021,20.9,-7.3,HD3025G_30W
Wed Dec 22 22:59:34 2021,20.9,-7.3,HD3025G_30W
Wed Dec 22 22:59:37 2021,20.9,-7.3,HD3025G_30W
Wed Dec 22 22:59:39 2021,20.9,-7.3,HD3025G_30W
Wed Dec 22 22:59:41 2021,20.8,-7.3,HD3025G_30W
Wed Dec 22 22:59:43 2021,20.9,-7.3,HD3025G_30W
Wed Dec 22 22:59:45 2021,20.9,-7.3,HD3025G_30W
Wed Dec 22 22:59:48 2021,20.9,-7.3,HD3025G_30W
Wed Dec 22 22:59:50 2021,20.9,-7.3,HD3025G_30W
Wed Dec 22 22:59:52 2021,20.9,-7.3,HD3025G_30W
Wed Dec 22 22:59:54 2021,20.9,-7.3,HD3025G_30W
Wed Dec 22 22:59:57 2021,20.9,-7.3,HD3025G_30W
Wed Dec 22 23:00:00 2021,20.9,-7.3,HD3025G_30W
Wed Dec 22 23:00:02 2021,20.9,-7.3,HD3025G_30W
Wed Dec 22 23:00:04 2021,20.9,-7.3,HD3025G_30W
Wed Dec 22 23:00:06 2021,20.9,-7.3,HD3025G_30W
Wed Dec 22 23:00:09 2021,20.9,-7.3,HD3025G_30W
Wed Dec 22 23:00:11 2021,20.9,-7.3,HD3025G_30W
Wed Dec 22 23:00:14 2021,20.9,-7.3,HD3025G_30W
Wed Dec 22 23:00:17 2021,20.9,-7.3,HD3025G_30W
Wed Dec 22 23:00:20 2021,20.9,-7.3,HD3025G_30W
Wed Dec 22 23:00:22 2021,20.9,-7.3,HD3025G_30W
Wed Dec 22 23:00:24 2021,20.9,-7.3,HD3025G_30W
Wed Dec 22 23:00:26 2021,20.9,-7.3,HD3025G_30W
Wed Dec 22 23:00:29 2021,20.9,-7.3,HD3025G_30W
Wed Dec 22 23:00:32 2021,20.9,-7.3,HD3025G_30W
Wed Dec 22 23:00:34 2021,20.9,-7.3,HD3025G_30W
Wed Dec 22 23:00:37 2021,20.9,-7.3,HD3025G_30W
Wed Dec 22 23:00:39 2021,20.9,-7.3,HD3025G_30W
Wed Dec 22 23:00:41 2021,20.9,-7.3,HD3025G_30W
Wed Dec 22 23:00:43 2021,20.9,-7.3,HD3025G_30W
Wed Dec 22 23:00:46 2021,20.9,-7.3,HD3025G_30W
Wed Dec 22 23:00:48 2021,20.9,-7.3,HD3025G_30W
Wed Dec 22 23:00:51 2021,20.9,-7.3,HD3025G_30W
Wed Dec 22 23:00:53 2021,20.9,-7.3,HD3025G_30W
Wed Dec 22 23:00:55 2021,20.9,-7.3,HD3025G_30W
Wed Dec 22 23:00:58 2021,20.9,-7.3,HD3025G_30W
Wed Dec 22 23:01:00 2021,20.9,-7.3,HD3025G_30W
Wed Dec 22 23:01:02 2021,20.9,-7.3,HD3025G_30W
Wed Dec 22 23:01:04 2021,20.9,-7.3,HD3025G_30W
Wed Dec 22 23:01:06 2021,20.9,-7.3,HD3025G_30W
Wed Dec 22 23:01:09 2021,20.9,-7.3,HD3025G_30W
Wed Dec 22 23:01:11 2021,20.9,-7.3,HD3025G_30W
Wed Dec 22 23:01:13 2021,20.9,-7.3,HD3025G_30W
Wed Dec 22 23:01:15 2021,20.9,-7.3,HD3025G_30W
Wed Dec 22 23:01:17 2021,20.9,-7.3,HD3025G_30W
Wed Dec 22 23:01:20 2021,20.9,-7.3,HD3025G_30W
Wed Dec 22 23:01:22 2021,20.9,-7.3,HD3025G_30W
Wed Dec 22 23:01:24 2021,20.9,-7.3,HD3025G_30W
Wed Dec 22 23:01:26 2021,20.9,-7.3,HD3025G_30W
Wed Dec 22 23:01:28 2021,20.9,-7.3,HD3025G_30W
Wed Dec 22 23:01:31 2021,20.9,-7.3,HD3025G_30W
Wed Dec 22 23:01:33 2021,20.9,-7.3,HD3025G_30W
Wed Dec 22 23:01:35 2021,20.9,-7.3,HD3025G_30W
Wed Dec 22 23:01:37 2021,20.9,-7.3,HD3025G_30W
Wed Dec 22 23:01:39 2021,20.9,-7.3,HD3025G_30W
Wed Dec 22 23:01:42 2021,20.9,-7.3,HD3025G_30W
Wed Dec 22 23:01:44 2021,20.9,-7.4,HD3025G_30W
Wed Dec 22 23:01:46 2021,20.9,-7.3,HD3025G_30W
Wed Dec 22 23:01:48 2021,20.9,-7.4,HD3025G_30W
Wed Dec 22 23:01:50 2021,20.9,-7.4,HD3025G_30W
Wed Dec 22 23:01:53 2021,20.9,-7.3,HD3025G_30W
Wed Dec 22 23:01:55 2021,20.9,-7.4,HD3025G_30W
Wed Dec 22 23:01:57 2021,20.9,-7.3,HD3025G_30W
Wed Dec 22 23:01:59 2021,20.9,-7.3,HD3025G_30W
Wed Dec 22 23:02:01 2021,20.9,-7.4,HD3025G_30W
Wed Dec 22 23:02:04 2021,20.9,-7.4,HD3025G_30W
Wed Dec 22 23:02:06 2021,20.9,-7.3,HD3025G_30W
Wed Dec 22 23:02:09 2021,20.9,-7.3,HD3025G_30W
Wed Dec 22 23:02:11 2021,20.9,-7.4,HD3025G_30W
Wed Dec 22 23:02:14 2021,21.0,-7.4,HD3025G_30W
Wed Dec 22 23:02:16 2021,20.9,-7.4,HD3025G_30W
Wed Dec 22 23:02:18 2021,20.9,-7.4,HD3025G_30W
Wed Dec 22 23:02:20 2021,21.0,-7.3,HD3025G_30W
Wed Dec 22 23:02:22 2021,21.0,-7.4,HD3025G_30W
Wed Dec 22 23:02:25 2021,21.0,-7.3,HD3025G_30W
Wed Dec 22 23:02:27 2021,21.0,-7.4,HD3025G_30W
Wed Dec 22 23:02:29 2021,20.9,-7.3,HD3025G_30W
Wed Dec 22 23:02:31 2021,21.0,-7.3,HD3025G_30W
Wed Dec 22 23:02:33 2021,21.0,-7.3,HD3025G_30W
Wed Dec 22 23:02:36 2021,21.0,-7.4,HD3025G_30W
Wed Dec 22 23:02:38 2021,20.9,-7.3,HD3025G_30W
Wed Dec 22 23:02:40 2021,21.0,-7.3,HD3025G_30W
Wed Dec 22 23:02:42 2021,21.0,-7.3,HD3025G_30W
Wed Dec 22 23:02:44 2021,21.0,-7.3,HD3025G_30W
Wed Dec 22 23:02:47 2021,21.0,-7.4,HD3025G_30W
Wed Dec 22 23:02:49 2021,21.0,-7.3,HD3025G_30W
Wed Dec 22 23:02:51 2021,21.0,-7.4,HD3025G_30W
Wed Dec 22 23:02:53 2021,21.0,-7.4,HD3025G_30W
Wed Dec 22 23:02:56 2021,21.0,-7.4,HD3025G_30W
Wed Dec 22 23:02:59 2021,21.0,-7.4,HD3025G_30W
Wed Dec 22 23:03:01 2021,21.0,-7.4,HD3025G_30W
Wed Dec 22 23:03:03 2021,21.0,-7.4,HD3025G_30W
Wed Dec 22 23:03:05 2021,21.0,-7.3,HD3025G_30W
Wed Dec 22 23:03:07 2021,21.0,-7.3,HD3025G_30W
Wed Dec 22 23:03:10 2021,21.0,-7.4,HD3025G_30W
Wed Dec 22 23:03:12 2021,21.0,-7.4,HD3025G_30W
Wed Dec 22 23:03:15 2021,21.0,-7.4,HD3025G_30W
Wed Dec 22 23:03:17 2021,21.0,-7.3,HD3025G_30W
Wed Dec 22 23:03:20 2021,21.0,-7.3,HD3025G_30W
Wed Dec 22 23:03:22 2021,21.0,-7.3,HD3025G_30W
Wed Dec 22 23:03:24 2021,21.0,-7.3,HD3025G_30W
Wed Dec 22 23:03:27 2021,21.0,-7.4,HD3025G_30W
Wed Dec 22 23:03:29 2021,21.0,-7.4,HD3025G_30W
Wed Dec 22 23:03:31 2021,21.0,-7.3,HD3025G_30W
Wed Dec 22 23:03:33 2021,21.0,-7.4,HD3025G_30W
Wed Dec 22 23:03:35 2021,21.0,-7.3,HD3025G_30W
Wed Dec 22 23:03:38 2021,21.0,-7.3,HD3025G_30W
Wed Dec 22 23:03:40 2021,21.0,-7.3,HD3025G_30W
Wed Dec 22 23:03:42 2021,21.0,-7.3,HD3025G_30W
Wed Dec 22 23:03:44 2021,21.0,-7.3,HD3025G_30W
Wed Dec 22 23:03:46 2021,21.0,-7.3,HD3025G_30W
Wed Dec 22 23:03:49 2021,21.0,-7.3,HD3025G_30W
Wed Dec 22 23:03:51 2021,21.0,-7.3,HD3025G_30W
Wed Dec 22 23:03:53 2021,21.0,-7.3,HD3025G_30W
Wed Dec 22 23:03:55 2021,21.0,-7.3,HD3025G_30W
Wed Dec 22 23:03:57 2021,21.0,-7.3,HD3025G_30W
Wed Dec 22 23:04:00 2021,21.0,-7.3,HD3025G_30W
Wed Dec 22 23:04:02 2021,21.0,-7.3,HD3025G_30W
Wed Dec 22 23:04:04 2021,21.0,-7.3,HD3025G_30W
Wed Dec 22 23:04:06 2021,21.0,-7.3,HD3025G_30W
Wed Dec 22 23:04:08 2021,21.0,-7.3,HD3025G_30W
Wed Dec 22 23:04:11 2021,21.0,-7.3,HD3025G_30W
Wed Dec 22 23:04:13 2021,21.0,-7.3,HD3025G_30W
Wed Dec 22 23:04:15 2021,21.0,-7.3,HD3025G_30W
Wed Dec 22 23:04:17 2021,21.1,-7.3,HD3025G_30W
Wed Dec 22 23:04:20 2021,21.0,-7.3,HD3025G_30W
Wed Dec 22 23:04:22 2021,21.1,-7.3,HD3025G_30W
Wed Dec 22 23:04:24 2021,21.1,-7.3,HD3025G_30W
Wed Dec 22 23:04:26 2021,21.1,-7.3,HD3025G_30W
Wed Dec 22 23:04:28 2021,21.1,-7.3,HD3025G_30W
Wed Dec 22 23:04:31 2021,21.1,-7.3,HD3025G_30W
Wed Dec 22 23:04:33 2021,21.1,-7.3,HD3025G_30W
Wed Dec 22 23:04:35 2021,21.1,-7.3,HD3025G_30W
Wed Dec 22 23:04:38 2021,21.1,-7.3,HD3025G_30W
Wed Dec 22 23:04:40 2021,21.1,-7.3,HD3025G_30W
Wed Dec 22 23:04:43 2021,21.1,-7.4,HD3025G_30W
Wed Dec 22 23:04:45 2021,21.1,-7.4,HD3025G_30W
Wed Dec 22 23:04:47 2021,21.1,-7.4,HD3025G_30W
Wed Dec 22 23:04:49 2021,21.1,-7.4,HD3025G_30W
Wed Dec 22 23:04:51 2021,21.1,-7.4,HD3025G_30W
Wed Dec 22 23:04:54 2021,21.1,-7.4,HD3025G_30W
Wed Dec 22 23:04:56 2021,21.1,-7.4,HD3025G_30W
Wed Dec 22 23:04:58 2021,21.1,-7.4,HD3025G_30W
Wed Dec 22 23:05:00 2021,21.1,-7.4,HD3025G_30W
Wed Dec 22 23:05:02 2021,21.1,-7.4,HD3025G_30W
Wed Dec 22 23:05:05 2021,21.1,-7.4,HD3025G_30W
Wed Dec 22 23:05:07 2021,21.1,-7.4,HD3025G_30W
Wed Dec 22 23:05:09 2021,21.1,-7.4,HD3025G_30W
Wed Dec 22 23:05:11 2021,21.1,-7.4,HD3025G_30W
Wed Dec 22 23:05:13 2021,21.1,-7.4,HD3025G_30W
Wed Dec 22 23:05:16 2021,21.1,-7.4,HD3025G_30W
Wed Dec 22 23:05:18 2021,21.1,-7.4,HD3025G_30W
Wed Dec 22 23:05:21 2021,21.1,-7.4,HD3025G_30W
Wed Dec 22 23:05:23 2021,21.1,-7.4,HD3025G_30W
Wed Dec 22 23:05:26 2021,21.1,-7.4,HD3025G_30W
Wed Dec 22 23:05:28 2021,21.1,-7.4,HD3025G_30W
Wed Dec 22 23:05:30 2021,21.1,-7.4,HD3025G_30W
Wed Dec 22 23:05:33 2021,21.1,-7.4,HD3025G_30W
Wed Dec 22 23:05:35 2021,21.1,-7.4,HD3025G_30W
Wed Dec 22 23:05:37 2021,21.2,-7.3,HD3025G_30W
Wed Dec 22 23:05:41 2021,21.2,-7.3,HD3025G_30W
Wed Dec 22 23:05:43 2021,21.2,-7.4,HD3025G_30W
Wed Dec 22 23:05:45 2021,21.2,-7.4,HD3025G_30W
Wed Dec 22 23:05:47 2021,21.2,-7.4,HD3025G_30W
Wed Dec 22 23:05:50 2021,21.2,-7.4,HD3025G_30W
Wed Dec 22 23:05:53 2021,21.2,-7.4,HD3025G_30W
Wed Dec 22 23:05:55 2021,21.2,-7.4,HD3025G_30W
Wed Dec 22 23:05:58 2021,21.2,-7.4,HD3025G_30W
Wed Dec 22 23:06:00 2021,21.2,-7.4,HD3025G_30W
Wed Dec 22 23:06:03 2021,21.2,-7.4,HD3025G_30W
Wed Dec 22 23:06:05 2021,21.2,-7.4,HD3025G_30W
Wed Dec 22 23:06:07 2021,21.2,-7.4,HD3025G_30W
Wed Dec 22 23:06:09 2021,21.2,-7.4,HD3025G_30W
Wed Dec 22 23:06:11 2021,21.2,-7.4,HD3025G_30W
Wed Dec 22 23:06:14 2021,21.2,-7.4,HD3025G_30W
Wed Dec 22 23:06:16 2021,21.2,-7.4,HD3025G_30W
Wed Dec 22 23:06:18 2021,21.2,-7.4,HD3025G_30W
Wed Dec 22 23:06:20 2021,21.2,-7.4,HD3025G_30W
Wed Dec 22 23:06:23 2021,21.2,-7.4,HD3025G_30W
Wed Dec 22 23:06:25 2021,21.2,-7.3,HD3025G_30W
Wed Dec 22 23:06:27 2021,21.2,-7.3,HD3025G_30W
Wed Dec 22 23:06:30 2021,21.2,-7.3,HD3025G_30W
Wed Dec 22 23:06:32 2021,21.2,-7.3,HD3025G_30W
Wed Dec 22 23:06:34 2021,21.2,-7.3,HD3025G_30W
Wed Dec 22 23:06:37 2021,21.2,-7.3,HD3025G_30W
Wed Dec 22 23:06:39 2021,21.2,-7.3,HD3025G_30W
Wed Dec 22 23:06:42 2021,21.2,-7.3,HD3025G_30W
Wed Dec 22 23:06:44 2021,21.2,-7.3,HD3025G_30W
Wed Dec 22 23:06:46 2021,21.2,-7.3,HD3025G_30W
Wed Dec 22 23:06:49 2021,21.2,-7.3,HD3025G_30W
Wed Dec 22 23:06:51 2021,21.2,-7.3,HD3025G_30W
Wed Dec 22 23:06:54 2021,21.2,-7.3,HD3025G_30W
Wed Dec 22 23:06:56 2021,21.2,-7.3,HD3025G_30W
Wed Dec 22 23:06:58 2021,21.2,-7.3,HD3025G_30W
Wed Dec 22 23:07:00 2021,21.2,-7.3,HD3025G_30W
Wed Dec 22 23:07:02 2021,21.2,-7.3,HD3025G_30W
Wed Dec 22 23:07:05 2021,21.2,-7.3,HD3025G_30W
Wed Dec 22 23:07:07 2021,21.2,-7.3,HD3025G_30W
Wed Dec 22 23:07:09 2021,21.2,-7.3,HD3025G_30W
Wed Dec 22 23:07:11 2021,21.2,-7.3,HD3025G_30W
Wed Dec 22 23:07:13 2021,21.2,-7.3,HD3025G_30W
Wed Dec 22 23:07:16 2021,21.2,-7.3,HD3025G_30W
Wed Dec 22 23:07:18 2021,21.2,-7.3,HD3025G_30W
Wed Dec 22 23:07:20 2021,21.2,-7.3,HD3025G_30W
Wed Dec 22 23:07:22 2021,21.2,-7.3,HD3025G_30W
Wed Dec 22 23:07:24 2021,21.2,-7.3,HD3025G_30W
Wed Dec 22 23:07:27 2021,21.2,-7.3,HD3025G_30W
Wed Dec 22 23:07:29 2021,21.2,-7.3,HD3025G_30W
Wed Dec 22 23:07:31 2021,21.2,-7.3,HD3025G_30W
Wed Dec 22 23:07:33 2021,21.2,-7.3,HD3025G_30W
Wed Dec 22 23:07:35 2021,21.2,-7.3,HD3025G_30W
Wed Dec 22 23:07:38 2021,21.2,-7.3,HD3025G_30W
Wed Dec 22 23:07:40 2021,21.2,-7.3,HD3025G_30W
Wed Dec 22 23:07:43 2021,21.2,-7.3,HD3025G_30W
Wed Dec 22 23:07:45 2021,21.2,-7.3,HD3025G_30W
Wed Dec 22 23:07:47 2021,21.2,-7.3,HD3025G_30W
Wed Dec 22 23:07:50 2021,21.2,-7.3,HD3025G_30W
Wed Dec 22 23:07:53 2021,21.2,-7.3,HD3025G_30W
Wed Dec 22 23:07:55 2021,21.2,-7.3,HD3025G_30W
Wed Dec 22 23:07:58 2021,21.2,-7.3,HD3025G_30W
Wed Dec 22 23:08:00 2021,21.3,-7.3,HD3025G_30W
Wed Dec 22 23:08:02 2021,21.3,-7.3,HD3025G_30W
Wed Dec 22 23:08:04 2021,21.2,-7.3,HD3025G_30W
Wed Dec 22 23:08:07 2021,21.3,-7.3,HD3025G_30W
Wed Dec 22 23:08:09 2021,21.3,-7.3,HD3025G_30W
Wed Dec 22 23:08:11 2021,21.3,-7.3,HD3025G_30W
Wed Dec 22 23:08:13 2021,21.3,-7.3,HD3025G_30W
Wed Dec 22 23:08:15 2021,21.3,-7.3,HD3025G_30W
Wed Dec 22 23:08:18 2021,21.3,-7.3,HD3025G_30W
Wed Dec 22 23:08:20 2021,21.3,-7.3,HD3025G_30W
Wed Dec 22 23:08:22 2021,21.3,-7.3,HD3025G_30W
Wed Dec 22 23:08:24 2021,21.3,-7.3,HD3025G_30W
Wed Dec 22 23:08:26 2021,21.3,-7.3,HD3025G_30W
Wed Dec 22 23:08:29 2021,21.3,-7.3,HD3025G_30W
Wed Dec 22 23:08:31 2021,21.3,-7.3,HD3025G_30W
Wed Dec 22 23:08:33 2021,21.3,-7.3,HD3025G_30W
Wed Dec 22 23:08:35 2021,21.3,-7.3,HD3025G_30W
Wed Dec 22 23:08:37 2021,21.3,-7.3,HD3025G_30W
Wed Dec 22 23:08:40 2021,21.3,-7.3,HD3025G_30W
Wed Dec 22 23:08:42 2021,21.3,-7.3,HD3025G_30W
Wed Dec 22 23:08:45 2021,21.3,-7.3,HD3025G_30W
Wed Dec 22 23:08:47 2021,21.3,-7.3,HD3025G_30W
Wed Dec 22 23:08:51 2021,21.3,-7.3,HD3025G_30W
Wed Dec 22 23:08:53 2021,21.3,-7.3,HD3025G_30W
Wed Dec 22 23:08:55 2021,21.3,-7.3,HD3025G_30W
Wed Dec 22 23:08:58 2021,21.3,-7.3,HD3025G_30W
Wed Dec 22 23:09:00 2021,21.3,-7.3,HD3025G_30W
Wed Dec 22 23:09:03 2021,21.3,-7.3,HD3025G_30W
Wed Dec 22 23:09:05 2021,21.3,-7.3,HD3025G_30W
Wed Dec 22 23:09:07 2021,21.3,-7.3,HD3025G_30W
Wed Dec 22 23:09:09 2021,21.3,-7.3,HD3025G_30W
Wed Dec 22 23:09:12 2021,21.3,-7.3,HD3025G_30W
Wed Dec 22 23:09:14 2021,21.4,-7.3,HD3025G_30W
Wed Dec 22 23:09:16 2021,21.4,-7.3,HD3025G_30W
Wed Dec 22 23:09:18 2021,21.4,-7.3,HD3025G_30W
Wed Dec 22 23:09:21 2021,21.4,-7.3,HD3025G_30W
Wed Dec 22 23:09:23 2021,21.4,-7.3,HD3025G_30W
Wed Dec 22 23:09:26 2021,21.4,-7.3,HD3025G_30W
Wed Dec 22 23:09:28 2021,21.4,-7.3,HD3025G_30W
Wed Dec 22 23:09:30 2021,21.4,-7.3,HD3025G_30W
Wed Dec 22 23:09:32 2021,21.4,-7.3,HD3025G_30W
Wed Dec 22 23:09:35 2021,21.4,-7.3,HD3025G_30W
Wed Dec 22 23:09:37 2021,21.4,-7.3,HD3025G_30W
Wed Dec 22 23:09:39 2021,21.4,-7.3,HD3025G_30W
Wed Dec 22 23:09:42 2021,21.4,-7.3,HD3025G_30W
Wed Dec 22 23:09:44 2021,21.4,-7.3,HD3025G_30W
Wed Dec 22 23:09:46 2021,21.4,-7.3,HD3025G_30W
Wed Dec 22 23:09:48 2021,21.4,-7.3,HD3025G_30W
Wed Dec 22 23:09:50 2021,21.4,-7.3,HD3025G_30W
Wed Dec 22 23:09:53 2021,21.4,-7.3,HD3025G_30W
Wed Dec 22 23:09:55 2021,21.4,-7.3,HD3025G_30W
Wed Dec 22 23:09:57 2021,21.4,-7.3,HD3025G_30W
Wed Dec 22 23:10:00 2021,21.4,-7.3,HD3025G_30W
Wed Dec 22 23:10:02 2021,21.5,-7.3,HD3025G_30W
Wed Dec 22 23:10:05 2021,21.5,-7.3,HD3025G_30W
Wed Dec 22 23:10:07 2021,21.5,-7.3,HD3025G_30W
Wed Dec 22 23:10:09 2021,21.5,-7.3,HD3025G_30W
Wed Dec 22 23:10:11 2021,21.5,-7.3,HD3025G_30W
Wed Dec 22 23:10:14 2021,21.5,-7.3,HD3025G_30W
Wed Dec 22 23:10:16 2021,21.5,-7.3,HD3025G_30W
Wed Dec 22 23:10:18 2021,21.5,-7.3,HD3025G_30W
Wed Dec 22 23:10:21 2021,21.5,-7.3,HD3025G_30W
Wed Dec 22 23:10:23 2021,21.5,-7.3,HD3025G_30W
Wed Dec 22 23:10:25 2021,21.5,-7.3,HD3025G_30W
Wed Dec 22 23:10:27 2021,21.5,-7.3,HD3025G_30W
Wed Dec 22 23:10:29 2021,21.5,-7.3,HD3025G_30W
Wed Dec 22 23:10:32 2021,21.5,-7.3,HD3025G_30W
Wed Dec 22 23:10:34 2021,21.5,-7.3,HD3025G_30W
Wed Dec 22 23:10:36 2021,21.5,-7.3,HD3025G_30W
Wed Dec 22 23:10:38 2021,21.5,-7.3,HD3025G_30W
Wed Dec 22 23:10:40 2021,21.5,-7.3,HD3025G_30W
Wed Dec 22 23:10:43 2021,21.5,-7.3,HD3025G_30W
Wed Dec 22 23:10:45 2021,21.5,-7.3,HD3025G_30W
Wed Dec 22 23:10:47 2021,21.5,-7.3,HD3025G_30W
Wed Dec 22 23:10:50 2021,21.5,-7.3,HD3025G_30W
Wed Dec 22 23:10:52 2021,21.5,-7.3,HD3025G_30W
Wed Dec 22 23:10:54 2021,21.5,-7.3,HD3025G_30W
Wed Dec 22 23:10:56 2021,21.5,-7.3,HD3025G_30W
Wed Dec 22 23:10:59 2021,21.5,-7.3,HD3025G_30W
Wed Dec 22 23:11:01 2021,21.5,-7.3,HD3025G_30W
Wed Dec 22 23:11:03 2021,21.5,-7.3,HD3025G_30W
Wed Dec 22 23:11:06 2021,21.5,-7.3,HD3025G_30W
Wed Dec 22 23:11:08 2021,21.5,-7.3,HD3025G_30W
Wed Dec 22 23:11:10 2021,21.5,-7.3,HD3025G_30W
Wed Dec 22 23:11:12 2021,21.5,-7.3,HD3025G_30W
Wed Dec 22 23:11:14 2021,21.5,-7.3,HD3025G_30W
Wed Dec 22 23:11:17 2021,21.5,-7.3,HD3025G_30W
Wed Dec 22 23:11:19 2021,21.5,-7.3,HD3025G_30W
Wed Dec 22 23:11:21 2021,21.5,-7.3,HD3025G_30W
Wed Dec 22 23:11:24 2021,21.5,-7.3,HD3025G_30W
Wed Dec 22 23:11:26 2021,21.5,-7.3,HD3025G_30W
Wed Dec 22 23:11:28 2021,21.5,-7.3,HD3025G_30W
Wed Dec 22 23:11:30 2021,21.5,-7.3,HD3025G_30W
Wed Dec 22 23:11:34 2021,21.5,-7.3,HD3025G_30W
Wed Dec 22 23:11:36 2021,21.5,-7.3,HD3025G_30W
Wed Dec 22 23:11:38 2021,21.5,-7.3,HD3025G_30W
Wed Dec 22 23:11:40 2021,21.5,-7.3,HD3025G_30W
Wed Dec 22 23:11:42 2021,21.5,-7.3,HD3025G_30W
Wed Dec 22 23:11:45 2021,21.5,-7.3,HD3025G_30W
Wed Dec 22 23:11:47 2021,21.5,-7.3,HD3025G_30W
Wed Dec 22 23:11:49 2021,21.5,-7.3,HD3025G_30W
Wed Dec 22 23:11:51 2021,21.5,-7.3,HD3025G_30W
Wed Dec 22 23:11:53 2021,21.5,-7.3,HD3025G_30W
Wed Dec 22 23:11:56 2021,21.6,-7.3,HD3025G_30W
Wed Dec 22 23:11:58 2021,21.6,-7.4,HD3025G_30W
Wed Dec 22 23:12:00 2021,21.6,-7.3,HD3025G_30W
Wed Dec 22 23:12:03 2021,21.6,-7.3,HD3025G_30W
Wed Dec 22 23:12:05 2021,21.6,-7.3,HD3025G_30W
Wed Dec 22 23:12:07 2021,21.6,-7.3,HD3025G_30W
Wed Dec 22 23:12:09 2021,21.6,-7.3,HD3025G_30W
Wed Dec 22 23:12:13 2021,21.6,-7.3,HD3025G_30W
Wed Dec 22 23:12:15 2021,21.6,-7.3,HD3025G_30W
Wed Dec 22 23:12:17 2021,21.6,-7.3,HD3025G_30W
Wed Dec 22 23:12:19 2021,21.6,-7.3,HD3025G_30W
Wed Dec 22 23:12:22 2021,21.6,-7.3,HD3025G_30W
Wed Dec 22 23:12:25 2021,21.6,-7.3,HD3025G_30W
Wed Dec 22 23:12:27 2021,21.6,-7.3,HD3025G_30W
Wed Dec 22 23:12:29 2021,21.6,-7.3,HD3025G_30W
Wed Dec 22 23:12:31 2021,21.6,-7.3,HD3025G_30W
Wed Dec 22 23:12:33 2021,21.6,-7.3,HD3025G_30W
Wed Dec 22 23:12:36 2021,21.6,-7.3,HD3025G_30W
Wed Dec 22 23:12:38 2021,21.6,-7.3,HD3025G_30W
Wed Dec 22 23:12:40 2021,21.6,-7.3,HD3025G_30W
Wed Dec 22 23:12:42 2021,21.6,-7.3,HD3025G_30W
Wed Dec 22 23:12:44 2021,21.6,-7.3,HD3025G_30W
Wed Dec 22 23:12:47 2021,21.6,-7.4,HD3025G_30W
Wed Dec 22 23:12:49 2021,21.6,-7.3,HD3025G_30W
Wed Dec 22 23:12:52 2021,21.6,-7.3,HD3025G_30W
Wed Dec 22 23:12:54 2021,21.6,-7.3,HD3025G_30W
Wed Dec 22 23:12:57 2021,21.6,-7.3,HD3025G_30W
Wed Dec 22 23:12:59 2021,21.6,-7.3,HD3025G_30W
Wed Dec 22 23:13:02 2021,21.6,-7.3,HD3025G_30W
Wed Dec 22 23:13:04 2021,21.6,-7.3,HD3025G_30W
Wed Dec 22 23:13:06 2021,21.6,-7.3,HD3025G_30W
Wed Dec 22 23:13:09 2021,21.6,-7.3,HD3025G_30W
Wed Dec 22 23:13:11 2021,21.6,-7.3,HD3025G_30W
Wed Dec 22 23:13:13 2021,21.6,-7.3,HD3025G_30W
Wed Dec 22 23:13:15 2021,21.6,-7.3,HD3025G_30W
Wed Dec 22 23:13:17 2021,21.6,-7.3,HD3025G_30W
Wed Dec 22 23:13:20 2021,21.6,-7.4,HD3025G_30W
Wed Dec 22 23:13:22 2021,21.6,-7.3,HD3025G_30W
Wed Dec 22 23:13:24 2021,21.6,-7.3,HD3025G_30W
Wed Dec 22 23:13:27 2021,21.6,-7.3,HD3025G_30W
Wed Dec 22 23:13:29 2021,21.6,-7.3,HD3025G_30W
Wed Dec 22 23:13:32 2021,21.6,-7.3,HD3025G_30W
Wed Dec 22 23:13:34 2021,21.6,-7.3,HD3025G_30W
Wed Dec 22 23:13:36 2021,21.6,-7.4,HD3025G_30W
Wed Dec 22 23:13:38 2021,21.6,-7.4,HD3025G_30W
Wed Dec 22 23:13:40 2021,21.6,-7.4,HD3025G_30W
Wed Dec 22 23:13:43 2021,21.6,-7.4,HD3025G_30W
Wed Dec 22 23:13:45 2021,21.6,-7.4,HD3025G_30W
Wed Dec 22 23:13:47 2021,21.6,-7.4,HD3025G_30W
Wed Dec 22 23:13:49 2021,21.6,-7.4,HD3025G_30W
Wed Dec 22 23:13:51 2021,21.6,-7.4,HD3025G_30W
Wed Dec 22 23:13:54 2021,21.6,-7.4,HD3025G_30W
Wed Dec 22 23:13:56 2021,21.6,-7.4,HD3025G_30W
Wed Dec 22 23:13:58 2021,21.6,-7.4,HD3025G_30W
Wed Dec 22 23:14:00 2021,21.6,-7.4,HD3025G_30W
Wed Dec 22 23:14:02 2021,21.6,-7.4,HD3025G_30W
Wed Dec 22 23:14:05 2021,21.6,-7.4,HD3025G_30W
Wed Dec 22 23:14:07 2021,21.6,-7.4,HD3025G_30W
Wed Dec 22 23:14:10 2021,21.6,-7.4,HD3025G_30W
Wed Dec 22 23:14:12 2021,21.6,-7.4,HD3025G_30W
Wed Dec 22 23:14:14 2021,21.6,-7.4,HD3025G_30W
Wed Dec 22 23:14:17 2021,21.6,-7.4,HD3025G_30W
Wed Dec 22 23:14:19 2021,21.6,-7.4,HD3025G_30W
Wed Dec 22 23:14:21 2021,21.6,-7.4,HD3025G_30W
Wed Dec 22 23:14:23 2021,21.6,-7.4,HD3025G_30W
Wed Dec 22 23:14:25 2021,21.6,-7.4,HD3025G_30W
Wed Dec 22 23:14:28 2021,21.6,-7.4,HD3025G_30W
Wed Dec 22 23:14:30 2021,21.6,-7.4,HD3025G_30W
Wed Dec 22 23:14:32 2021,21.6,-7.4,HD3025G_30W
Wed Dec 22 23:14:35 2021,21.6,-7.4,HD3025G_30W
Wed Dec 22 23:14:37 2021,21.6,-7.4,HD3025G_30W
Wed Dec 22 23:14:39 2021,21.6,-7.4,HD3025G_30W
Wed Dec 22 23:14:41 2021,21.6,-7.4,HD3025G_30W
Wed Dec 22 23:14:44 2021,21.6,-7.4,HD3025G_30W
Wed Dec 22 23:14:46 2021,21.6,-7.4,HD3025G_30W
Wed Dec 22 23:14:48 2021,21.6,-7.4,HD3025G_30W
Wed Dec 22 23:14:50 2021,21.6,-7.4,HD3025G_30W
Wed Dec 22 23:14:52 2021,21.6,-7.4,HD3025G_30W
Wed Dec 22 23:14:55 2021,21.6,-7.4,HD3025G_30W
Wed Dec 22 23:14:57 2021,21.6,-7.4,HD3025G_30W
Wed Dec 22 23:15:00 2021,21.7,-7.3,HD3025G_30W
Wed Dec 22 23:15:02 2021,21.7,-7.4,HD3025G_30W
Wed Dec 22 23:15:04 2021,21.7,-7.4,HD3025G_30W
Wed Dec 22 23:15:07 2021,21.7,-7.4,HD3025G_30W
Wed Dec 22 23:15:09 2021,21.7,-7.4,HD3025G_30W
Wed Dec 22 23:15:11 2021,21.7,-7.4,HD3025G_30W
Wed Dec 22 23:15:13 2021,21.6,-7.4,HD3025G_30W
Wed Dec 22 23:15:16 2021,21.7,-7.4,HD3025G_30W
Wed Dec 22 23:15:18 2021,21.7,-7.4,HD3025G_30W
Wed Dec 22 23:15:20 2021,21.7,-7.4,HD3025G_30W
Wed Dec 22 23:15:22 2021,21.7,-7.4,HD3025G_30W
Wed Dec 22 23:15:24 2021,21.7,-7.4,HD3025G_30W
Wed Dec 22 23:15:27 2021,21.6,-7.4,HD3025G_30W
Wed Dec 22 23:15:29 2021,21.7,-7.4,HD3025G_30W
Wed Dec 22 23:15:32 2021,21.7,-7.4,HD3025G_30W
Wed Dec 22 23:15:34 2021,21.7,-7.4,HD3025G_30W
Wed Dec 22 23:15:36 2021,21.7,-7.4,HD3025G_30W
Wed Dec 22 23:15:39 2021,21.7,-7.4,HD3025G_30W
Wed Dec 22 23:15:41 2021,21.7,-7.4,HD3025G_30W
Wed Dec 22 23:15:43 2021,21.7,-7.4,HD3025G_30W
Wed Dec 22 23:15:46 2021,21.7,-7.4,HD3025G_30W
Wed Dec 22 23:15:48 2021,21.7,-7.5,HD3025G_30W
Wed Dec 22 23:15:51 2021,21.7,-7.5,HD3025G_30W
Wed Dec 22 23:15:53 2021,21.7,-7.4,HD3025G_30W
Wed Dec 22 23:15:55 2021,21.7,-7.4,HD3025G_30W
Wed Dec 22 23:15:58 2021,21.7,-7.4,HD3025G_30W
Wed Dec 22 23:16:00 2021,21.7,-7.5,HD3025G_30W
Wed Dec 22 23:16:02 2021,21.7,-7.4,HD3025G_30W
Wed Dec 22 23:16:04 2021,21.7,-7.4,HD3025G_30W
Wed Dec 22 23:16:07 2021,21.7,-7.4,HD3025G_30W
Wed Dec 22 23:16:09 2021,21.7,-7.4,HD3025G_30W
Wed Dec 22 23:16:11 2021,21.7,-7.4,HD3025G_30W
Wed Dec 22 23:16:13 2021,21.7,-7.4,HD3025G_30W
Wed Dec 22 23:16:15 2021,21.7,-7.4,HD3025G_30W
Wed Dec 22 23:16:18 2021,21.7,-7.4,HD3025G_30W
Wed Dec 22 23:16:20 2021,21.7,-7.4,HD3025G_30W
Wed Dec 22 23:16:22 2021,21.7,-7.4,HD3025G_30W
Wed Dec 22 23:16:24 2021,21.7,-7.4,HD3025G_30W
Wed Dec 22 23:16:26 2021,21.7,-7.4,HD3025G_30W
Wed Dec 22 23:16:29 2021,21.7,-7.4,HD3025G_30W
Wed Dec 22 23:16:31 2021,21.7,-7.4,HD3025G_30W
Wed Dec 22 23:16:33 2021,21.7,-7.4,HD3025G_30W
Wed Dec 22 23:16:35 2021,21.7,-7.4,HD3025G_30W
Wed Dec 22 23:16:37 2021,21.7,-7.4,HD3025G_30W
Wed Dec 22 23:16:40 2021,21.7,-7.4,HD3025G_30W
Wed Dec 22 23:16:43 2021,21.7,-7.4,HD3025G_30W
Wed Dec 22 23:16:45 2021,21.7,-7.4,HD3025G_30W
Wed Dec 22 23:16:47 2021,21.7,-7.4,HD3025G_30W
Wed Dec 22 23:16:50 2021,21.7,-7.5,HD3025G_30W
Wed Dec 22 23:16:52 2021,21.7,-7.4,HD3025G_30W
Wed Dec 22 23:16:54 2021,21.7,-7.4,HD3025G_30W
Wed Dec 22 23:16:57 2021,21.7,-7.4,HD3025G_30W
Wed Dec 22 23:16:59 2021,21.7,-7.4,HD3025G_30W
Wed Dec 22 23:17:01 2021,21.7,-7.5,HD3025G_30W
Wed Dec 22 23:17:04 2021,21.7,-7.4,HD3025G_30W
Wed Dec 22 23:17:06 2021,21.7,-7.4,HD3025G_30W
Wed Dec 22 23:17:08 2021,21.7,-7.4,HD3025G_30W
Wed Dec 22 23:17:11 2021,21.7,-7.4,HD3025G_30W
Wed Dec 22 23:17:13 2021,21.7,-7.4,HD3025G_30W
Wed Dec 22 23:17:16 2021,21.7,-7.4,HD3025G_30W
Wed Dec 22 23:17:18 2021,21.7,-7.4,HD3025G_30W
Wed Dec 22 23:17:20 2021,21.7,-7.4,HD3025G_30W
Wed Dec 22 23:17:22 2021,21.7,-7.5,HD3025G_30W
Wed Dec 22 23:17:24 2021,21.7,-7.4,HD3025G_30W
Wed Dec 22 23:17:27 2021,21.7,-7.4,HD3025G_30W
Wed Dec 22 23:17:29 2021,21.7,-7.4,HD3025G_30W
Wed Dec 22 23:17:32 2021,21.7,-7.4,HD3025G_30W
Wed Dec 22 23:17:34 2021,21.7,-7.4,HD3025G_30W
Wed Dec 22 23:17:37 2021,21.7,-7.4,HD3025G_30W
Wed Dec 22 23:17:39 2021,21.7,-7.5,HD3025G_30W
Wed Dec 22 23:17:41 2021,21.7,-7.4,HD3025G_30W
Wed Dec 22 23:17:44 2021,21.7,-7.4,HD3025G_30W
Wed Dec 22 23:17:46 2021,21.8,-7.5,HD3025G_30W
Wed Dec 22 23:17:48 2021,21.7,-7.5,HD3025G_30W
Wed Dec 22 23:17:51 2021,21.7,-7.4,HD3025G_30W
Wed Dec 22 23:17:53 2021,21.7,-7.5,HD3025G_30W
Wed Dec 22 23:17:55 2021,21.7,-7.4,HD3025G_30W
Wed Dec 22 23:17:57 2021,21.7,-7.5,HD3025G_30W
Wed Dec 22 23:18:00 2021,21.7,-7.4,HD3025G_30W
Wed Dec 22 23:18:02 2021,21.7,-7.4,HD3025G_30W
Wed Dec 22 23:18:04 2021,21.7,-7.4,HD3025G_30W
Wed Dec 22 23:18:06 2021,21.7,-7.5,HD3025G_30W
Wed Dec 22 23:18:08 2021,21.7,-7.4,HD3025G_30W
Wed Dec 22 23:18:11 2021,21.7,-7.5,HD3025G_30W
Wed Dec 22 23:18:13 2021,21.7,-7.5,HD3025G_30W
Wed Dec 22 23:18:15 2021,21.7,-7.5,HD3025G_30W
Wed Dec 22 23:18:17 2021,21.7,-7.5,HD3025G_30W
Wed Dec 22 23:18:19 2021,21.8,-7.5,HD3025G_30W
Wed Dec 22 23:18:22 2021,21.7,-7.4,HD3025G_30W
Wed Dec 22 23:18:24 2021,21.7,-7.5,HD3025G_30W
Wed Dec 22 23:18:26 2021,21.7,-7.5,HD3025G_30W
Wed Dec 22 23:18:28 2021,21.7,-7.5,HD3025G_30W
Wed Dec 22 23:18:30 2021,21.7,-7.5,HD3025G_30W
Wed Dec 22 23:18:33 2021,21.7,-7.5,HD3025G_30W
Wed Dec 22 23:18:35 2021,21.7,-7.5,HD3025G_30W
Wed Dec 22 23:18:37 2021,21.7,-7.5,HD3025G_30W
Wed Dec 22 23:18:39 2021,21.7,-7.5,HD3025G_30W
Wed Dec 22 23:18:41 2021,21.7,-7.5,HD3025G_30W
Wed Dec 22 23:18:44 2021,21.7,-7.5,HD3025G_30W
Wed Dec 22 23:18:46 2021,21.8,-7.5,HD3025G_30W
Wed Dec 22 23:18:48 2021,21.8,-7.5,HD3025G_30W
Wed Dec 22 23:18:50 2021,21.7,-7.5,HD3025G_30W
Wed Dec 22 23:18:52 2021,21.8,-7.5,HD3025G_30W
Wed Dec 22 23:18:55 2021,21.8,-7.5,HD3025G_30W
Wed Dec 22 23:18:57 2021,21.7,-7.5,HD3025G_30W
Wed Dec 22 23:18:59 2021,21.7,-7.4,HD3025G_30W
Wed Dec 22 23:19:01 2021,21.8,-7.5,HD3025G_30W
Wed Dec 22 23:19:04 2021,21.8,-7.5,HD3025G_30W
Wed Dec 22 23:19:06 2021,21.8,-7.4,HD3025G_30W
Wed Dec 22 23:19:08 2021,21.7,-7.5,HD3025G_30W
Wed Dec 22 23:19:10 2021,21.8,-7.4,HD3025G_30W
Wed Dec 22 23:19:12 2021,21.8,-7.5,HD3025G_30W
Wed Dec 22 23:19:15 2021,21.8,-7.5,HD3025G_30W
Wed Dec 22 23:19:17 2021,21.8,-7.5,HD3025G_30W
Wed Dec 22 23:19:19 2021,21.8,-7.5,HD3025G_30W
Wed Dec 22 23:19:22 2021,21.8,-7.5,HD3025G_30W
Wed Dec 22 23:19:24 2021,21.8,-7.5,HD3025G_30W
Wed Dec 22 23:19:27 2021,21.8,-7.5,HD3025G_30W
Wed Dec 22 23:19:29 2021,21.8,-7.5,HD3025G_30W
Wed Dec 22 23:19:31 2021,21.8,-7.5,HD3025G_30W
Wed Dec 22 23:19:33 2021,21.8,-7.5,HD3025G_30W
Wed Dec 22 23:19:35 2021,21.8,-7.5,HD3025G_30W
Wed Dec 22 23:19:38 2021,21.8,-7.5,HD3025G_30W
Wed Dec 22 23:19:40 2021,21.8,-7.4,HD3025G_30W
Wed Dec 22 23:19:42 2021,21.8,-7.5,HD3025G_30W
Wed Dec 22 23:19:45 2021,21.8,-7.5,HD3025G_30W
Wed Dec 22 23:19:47 2021,21.8,-7.5,HD3025G_30W
Wed Dec 22 23:19:51 2021,21.8,-7.5,HD3025G_30W
Wed Dec 22 23:19:53 2021,21.8,-7.4,HD3025G_30W
Wed Dec 22 23:19:55 2021,21.8,-7.5,HD3025G_30W
Wed Dec 22 23:19:57 2021,21.8,-7.5,HD3025G_30W
Wed Dec 22 23:19:59 2021,21.8,-7.5,HD3025G_30W
Wed Dec 22 23:20:02 2021,21.8,-7.5,HD3025G_30W
Wed Dec 22 23:20:04 2021,21.8,-7.5,HD3025G_30W
Wed Dec 22 23:20:06 2021,21.8,-7.5,HD3025G_30W
Wed Dec 22 23:20:08 2021,21.8,-7.5,HD3025G_30W
Wed Dec 22 23:20:10 2021,21.8,-7.5,HD3025G_30W
Wed Dec 22 23:20:13 2021,21.8,-7.5,HD3025G_30W
Wed Dec 22 23:20:15 2021,21.8,-7.5,HD3025G_30W
Wed Dec 22 23:20:17 2021,21.8,-7.5,HD3025G_30W
Wed Dec 22 23:20:19 2021,21.8,-7.5,HD3025G_30W
Wed Dec 22 23:20:21 2021,21.8,-7.5,HD3025G_30W
Wed Dec 22 23:20:24 2021,21.8,-7.5,HD3025G_30W
Wed Dec 22 23:20:26 2021,21.8,-7.5,HD3025G_30W
Wed Dec 22 23:20:29 2021,21.8,-7.5,HD3025G_30W
Wed Dec 22 23:20:31 2021,21.8,-7.5,HD3025G_30W
Wed Dec 22 23:20:34 2021,21.8,-7.5,HD3025G_30W
Wed Dec 22 23:20:36 2021,21.8,-7.5,HD3025G_30W
Wed Dec 22 23:20:38 2021,21.8,-7.5,HD3025G_30W
Wed Dec 22 23:20:41 2021,21.8,-7.5,HD3025G_30W
Wed Dec 22 23:20:43 2021,21.8,-7.5,HD3025G_30W
Wed Dec 22 23:20:45 2021,21.8,-7.5,HD3025G_30W
Wed Dec 22 23:20:48 2021,21.8,-7.5,HD3025G_30W
Wed Dec 22 23:20:50 2021,21.8,-7.5,HD3025G_30W
Wed Dec 22 23:20:52 2021,21.9,-7.5,HD3025G_30W
Wed Dec 22 23:20:54 2021,21.8,-7.5,HD3025G_30W
Wed Dec 22 23:20:57 2021,21.9,-7.5,HD3025G_30W
Wed Dec 22 23:20:59 2021,21.9,-7.5,HD3025G_30W
Wed Dec 22 23:21:01 2021,21.8,-7.5,HD3025G_30W
Wed Dec 22 23:21:03 2021,21.9,-7.5,HD3025G_30W
Wed Dec 22 23:21:05 2021,21.9,-7.5,HD3025G_30W
Wed Dec 22 23:21:08 2021,21.9,-7.5,HD3025G_30W
Wed Dec 22 23:21:10 2021,21.9,-7.5,HD3025G_30W
Wed Dec 22 23:21:12 2021,21.9,-7.5,HD3025G_30W
Wed Dec 22 23:21:14 2021,21.9,-7.5,HD3025G_30W
Wed Dec 22 23:21:16 2021,21.9,-7.5,HD3025G_30W
Wed Dec 22 23:21:19 2021,21.9,-7.5,HD3025G_30W
Wed Dec 22 23:21:21 2021,21.9,-7.5,HD3025G_30W
Wed Dec 22 23:21:23 2021,21.9,-7.5,HD3025G_30W
Wed Dec 22 23:21:25 2021,21.9,-7.4,HD3025G_30W
Wed Dec 22 23:21:27 2021,21.9,-7.5,HD3025G_30W
Wed Dec 22 23:21:30 2021,21.9,-7.5,HD3025G_30W
Wed Dec 22 23:21:32 2021,21.9,-7.5,HD3025G_30W
Wed Dec 22 23:21:34 2021,21.9,-7.5,HD3025G_30W
Wed Dec 22 23:21:36 2021,21.9,-7.5,HD3025G_30W
Wed Dec 22 23:21:38 2021,21.9,-7.5,HD3025G_30W
Wed Dec 22 23:21:41 2021,21.9,-7.5,HD3025G_30W
Wed Dec 22 23:21:43 2021,21.9,-7.5,HD3025G_30W
Wed Dec 22 23:21:46 2021,21.9,-7.5,HD3025G_30W
Wed Dec 22 23:21:48 2021,21.9,-7.5,HD3025G_30W
Wed Dec 22 23:21:50 2021,21.9,-7.4,HD3025G_30W
Wed Dec 22 23:21:53 2021,21.9,-7.5,HD3025G_30W
Wed Dec 22 23:21:55 2021,21.9,-7.5,HD3025G_30W
Wed Dec 22 23:21:58 2021,21.9,-7.5,HD3025G_30W
Wed Dec 22 23:22:00 2021,21.9,-7.5,HD3025G_30W
Wed Dec 22 23:22:03 2021,21.9,-7.5,HD3025G_30W
Wed Dec 22 23:22:05 2021,21.9,-7.5,HD3025G_30W
Wed Dec 22 23:22:07 2021,21.9,-7.5,HD3025G_30W
Wed Dec 22 23:22:10 2021,21.9,-7.5,HD3025G_30W
Wed Dec 22 23:22:12 2021,21.9,-7.5,HD3025G_30W
Wed Dec 22 23:22:15 2021,21.9,-7.5,HD3025G_30W
Wed Dec 22 23:22:17 2021,21.9,-7.5,HD3025G_30W
Wed Dec 22 23:22:20 2021,21.9,-7.5,HD3025G_30W
Wed Dec 22 23:22:24 2021,21.9,-7.5,HD3025G_30W
Wed Dec 22 23:22:26 2021,21.9,-7.5,HD3025G_30W
Wed Dec 22 23:22:29 2021,21.9,-7.5,HD3025G_30W
Wed Dec 22 23:22:31 2021,21.9,-7.4,HD3025G_30W
Wed Dec 22 23:22:33 2021,21.9,-7.4,HD3025G_30W
Wed Dec 22 23:22:36 2021,21.9,-7.5,HD3025G_30W
Wed Dec 22 23:22:38 2021,21.9,-7.5,HD3025G_30W
Wed Dec 22 23:22:40 2021,21.9,-7.5,HD3025G_30W
Wed Dec 22 23:22:42 2021,21.9,-7.5,HD3025G_30W
Wed Dec 22 23:22:45 2021,21.9,-7.5,HD3025G_30W
Wed Dec 22 23:22:47 2021,21.9,-7.5,HD3025G_30W
Wed Dec 22 23:22:49 2021,21.9,-7.5,HD3025G_30W
Wed Dec 22 23:22:51 2021,21.9,-7.5,HD3025G_30W
Wed Dec 22 23:22:53 2021,21.9,-7.5,HD3025G_30W
Wed Dec 22 23:22:56 2021,21.9,-7.5,HD3025G_30W
Wed Dec 22 23:22:58 2021,21.9,-7.5,HD3025G_30W
Wed Dec 22 23:23:00 2021,21.9,-7.5,HD3025G_30W
Wed Dec 22 23:23:02 2021,21.9,-7.5,HD3025G_30W
Wed Dec 22 23:23:04 2021,21.9,-7.5,HD3025G_30W
Wed Dec 22 23:23:07 2021,21.9,-7.5,HD3025G_30W
Wed Dec 22 23:23:09 2021,21.9,-7.5,HD3025G_30W
Wed Dec 22 23:23:11 2021,21.9,-7.5,HD3025G_30W
Wed Dec 22 23:23:14 2021,21.9,-7.5,HD3025G_30W
Wed Dec 22 23:23:16 2021,21.9,-7.5,HD3025G_30W
Wed Dec 22 23:23:18 2021,21.9,-7.5,HD3025G_30W
Wed Dec 22 23:23:20 2021,21.9,-7.5,HD3025G_30W
Wed Dec 22 23:23:23 2021,21.9,-7.5,HD3025G_30W
Wed Dec 22 23:23:25 2021,21.9,-7.5,HD3025G_30W
Wed Dec 22 23:23:27 2021,21.9,-7.5,HD3025G_30W
Wed Dec 22 23:23:30 2021,21.9,-7.5,HD3025G_30W
Wed Dec 22 23:23:32 2021,21.9,-7.5,HD3025G_30W
Wed Dec 22 23:23:35 2021,21.9,-7.5,HD3025G_30W
Wed Dec 22 23:23:37 2021,21.9,-7.5,HD3025G_30W
Wed Dec 22 23:23:39 2021,21.9,-7.5,HD3025G_30W
Wed Dec 22 23:23:41 2021,21.9,-7.5,HD3025G_30W
Wed Dec 22 23:23:44 2021,21.9,-7.5,HD3025G_30W
Wed Dec 22 23:23:46 2021,21.9,-7.5,HD3025G_30W
Wed Dec 22 23:23:49 2021,21.9,-7.5,HD3025G_30W
Wed Dec 22 23:23:51 2021,21.9,-7.5,HD3025G_30W
Wed Dec 22 23:23:53 2021,21.9,-7.5,HD3025G_30W
Wed Dec 22 23:23:55 2021,21.9,-7.5,HD3025G_30W
Wed Dec 22 23:23:58 2021,21.9,-7.5,HD3025G_30W
Wed Dec 22 23:24:00 2021,21.9,-7.5,HD3025G_30W
Wed Dec 22 23:24:02 2021,21.9,-7.5,HD3025G_30W
Wed Dec 22 23:24:04 2021,21.9,-7.5,HD3025G_30W
Wed Dec 22 23:24:06 2021,21.9,-7.5,HD3025G_30W
Wed Dec 22 23:24:09 2021,21.9,-7.5,HD3025G_30W
Wed Dec 22 23:24:11 2021,21.9,-7.5,HD3025G_30W
Wed Dec 22 23:24:13 2021,21.9,-7.5,HD3025G_30W
Wed Dec 22 23:24:15 2021,21.9,-7.5,HD3025G_30W
Wed Dec 22 23:24:17 2021,21.9,-7.5,HD3025G_30W
Wed Dec 22 23:24:20 2021,21.9,-7.5,HD3025G_30W
Wed Dec 22 23:24:22 2021,21.9,-7.5,HD3025G_30W
Wed Dec 22 23:24:24 2021,21.9,-7.5,HD3025G_30W
Wed Dec 22 23:24:26 2021,22.0,-7.5,HD3025G_30W
Wed Dec 22 23:24:28 2021,21.9,-7.5,HD3025G_30W
Wed Dec 22 23:24:31 2021,21.9,-7.5,HD3025G_30W
Wed Dec 22 23:24:33 2021,21.9,-7.5,HD3025G_30W
Wed Dec 22 23:24:35 2021,21.9,-7.5,HD3025G_30W
Wed Dec 22 23:24:37 2021,21.9,-7.5,HD3025G_30W
Wed Dec 22 23:24:39 2021,21.9,-7.5,HD3025G_30W
Wed Dec 22 23:24:42 2021,21.9,-7.5,HD3025G_30W
Wed Dec 22 23:24:44 2021,22.0,-7.5,HD3025G_30W
Wed Dec 22 23:24:46 2021,22.0,-7.5,HD3025G_30W
Wed Dec 22 23:24:48 2021,22.0,-7.5,HD3025G_30W
Wed Dec 22 23:24:51 2021,21.9,-7.5,HD3025G_30W
Wed Dec 22 23:24:53 2021,22.0,-7.5,HD3025G_30W
Wed Dec 22 23:24:55 2021,22.0,-7.5,HD3025G_30W
Wed Dec 22 23:24:57 2021,22.0,-7.5,HD3025G_30W
Wed Dec 22 23:24:59 2021,21.9,-7.5,HD3025G_30W
Wed Dec 22 23:25:02 2021,22.0,-7.5,HD3025G_30W
Wed Dec 22 23:25:04 2021,22.0,-7.5,HD3025G_30W
Wed Dec 22 23:25:06 2021,22.0,-7.5,HD3025G_30W
Wed Dec 22 23:25:08 2021,22.0,-7.5,HD3025G_30W
Wed Dec 22 23:25:11 2021,22.0,-7.5,HD3025G_30W
Wed Dec 22 23:25:13 2021,22.0,-7.5,HD3025G_30W
Wed Dec 22 23:25:15 2021,22.0,-7.5,HD3025G_30W
Wed Dec 22 23:25:17 2021,22.0,-7.5,HD3025G_30W
Wed Dec 22 23:25:20 2021,22.0,-7.5,HD3025G_30W
Wed Dec 22 23:25:22 2021,22.0,-7.5,HD3025G_30W
Wed Dec 22 23:25:25 2021,22.0,-7.5,HD3025G_30W
Wed Dec 22 23:25:28 2021,22.0,-7.5,HD3025G_30W
Wed Dec 22 23:25:30 2021,22.0,-7.5,HD3025G_30W
Wed Dec 22 23:25:32 2021,22.0,-7.4,HD3025G_30W
Wed Dec 22 23:25:34 2021,22.0,-7.4,HD3025G_30W
Wed Dec 22 23:25:37 2021,22.0,-7.5,HD3025G_30W
Wed Dec 22 23:25:39 2021,22.0,-7.5,HD3025G_30W
Wed Dec 22 23:25:41 2021,22.0,-7.5,HD3025G_30W
Wed Dec 22 23:25:43 2021,22.0,-7.5,HD3025G_30W
Wed Dec 22 23:25:45 2021,22.0,-7.4,HD3025G_30W
Wed Dec 22 23:25:48 2021,22.0,-7.4,HD3025G_30W
Wed Dec 22 23:25:50 2021,22.0,-7.4,HD3025G_30W
Wed Dec 22 23:25:52 2021,22.0,-7.4,HD3025G_30W
Wed Dec 22 23:25:55 2021,22.0,-7.4,HD3025G_30W
Wed Dec 22 23:25:57 2021,22.0,-7.4,HD3025G_30W
Wed Dec 22 23:25:59 2021,22.0,-7.4,HD3025G_30W
Wed Dec 22 23:26:01 2021,22.0,-7.4,HD3025G_30W
Wed Dec 22 23:26:04 2021,22.0,-7.4,HD3025G_30W
Wed Dec 22 23:26:06 2021,22.0,-7.4,HD3025G_30W
Wed Dec 22 23:26:08 2021,22.0,-7.4,HD3025G_30W
Wed Dec 22 23:26:11 2021,22.0,-7.4,HD3025G_30W
Wed Dec 22 23:26:13 2021,22.0,-7.4,HD3025G_30W
Wed Dec 22 23:26:15 2021,22.0,-7.4,HD3025G_30W
Wed Dec 22 23:26:17 2021,22.0,-7.4,HD3025G_30W
Wed Dec 22 23:26:20 2021,22.0,-7.4,HD3025G_30W
Wed Dec 22 23:26:22 2021,22.0,-7.4,HD3025G_30W
Wed Dec 22 23:26:25 2021,22.0,-7.4,HD3025G_30W
Wed Dec 22 23:26:27 2021,22.0,-7.4,HD3025G_30W
Wed Dec 22 23:26:29 2021,22.0,-7.4,HD3025G_30W
Wed Dec 22 23:26:32 2021,22.0,-7.4,HD3025G_30W
Wed Dec 22 23:26:34 2021,22.0,-7.4,HD3025G_30W
Wed Dec 22 23:26:37 2021,22.0,-7.4,HD3025G_30W
Wed Dec 22 23:26:40 2021,22.0,-7.4,HD3025G_30W
Wed Dec 22 23:26:42 2021,22.0,-7.4,HD3025G_30W
Wed Dec 22 23:26:44 2021,22.0,-7.4,HD3025G_30W
Wed Dec 22 23:26:46 2021,22.0,-7.4,HD3025G_30W
Wed Dec 22 23:26:48 2021,22.0,-7.4,HD3025G_30W
Wed Dec 22 23:26:51 2021,22.0,-7.4,HD3025G_30W
Wed Dec 22 23:26:53 2021,22.0,-7.4,HD3025G_30W
Wed Dec 22 23:26:56 2021,22.0,-7.4,HD3025G_30W
Wed Dec 22 23:26:58 2021,22.0,-7.4,HD3025G_30W
Wed Dec 22 23:27:00 2021,22.0,-7.4,HD3025G_30W
Wed Dec 22 23:27:02 2021,22.0,-7.4,HD3025G_30W
Wed Dec 22 23:27:05 2021,22.0,-7.4,HD3025G_30W
Wed Dec 22 23:27:07 2021,22.0,-7.4,HD3025G_30W
Wed Dec 22 23:27:10 2021,22.0,-7.4,HD3025G_30W
Wed Dec 22 23:27:13 2021,22.0,-7.4,HD3025G_30W
Wed Dec 22 23:27:15 2021,22.1,-7.4,HD3025G_30W
Wed Dec 22 23:27:17 2021,22.1,-7.4,HD3025G_30W
Wed Dec 22 23:27:19 2021,22.0,-7.4,HD3025G_30W
Wed Dec 22 23:27:21 2021,22.1,-7.4,HD3025G_30W
Wed Dec 22 23:27:24 2021,22.0,-7.4,HD3025G_30W
Wed Dec 22 23:27:26 2021,22.0,-7.4,HD3025G_30W
Wed Dec 22 23:27:28 2021,22.0,-7.4,HD3025G_30W
Wed Dec 22 23:27:30 2021,22.0,-7.4,HD3025G_30W
Wed Dec 22 23:27:32 2021,22.0,-7.4,HD3025G_30W
Wed Dec 22 23:27:35 2021,22.1,-7.5,HD3025G_30W
Wed Dec 22 23:27:37 2021,22.1,-7.4,HD3025G_30W
Wed Dec 22 23:27:39 2021,22.0,-7.5,HD3025G_30W
Wed Dec 22 23:27:41 2021,22.1,-7.4,HD3025G_30W
Wed Dec 22 23:27:43 2021,22.1,-7.5,HD3025G_30W
Wed Dec 22 23:27:46 2021,22.0,-7.5,HD3025G_30W
Wed Dec 22 23:27:48 2021,22.1,-7.4,HD3025G_30W
Wed Dec 22 23:27:50 2021,22.1,-7.5,HD3025G_30W
Wed Dec 22 23:27:53 2021,22.1,-7.5,HD3025G_30W
Wed Dec 22 23:27:55 2021,22.1,-7.5,HD3025G_30W
Wed Dec 22 23:27:59 2021,22.1,-7.5,HD3025G_30W
Wed Dec 22 23:28:01 2021,22.1,-7.5,HD3025G_30W
Wed Dec 22 23:28:04 2021,22.1,-7.5,HD3025G_30W
Wed Dec 22 23:28:06 2021,22.1,-7.5,HD3025G_30W
Wed Dec 22 23:28:08 2021,22.1,-7.5,HD3025G_30W
Wed Dec 22 23:28:10 2021,22.1,-7.5,HD3025G_30W
Wed Dec 22 23:28:12 2021,22.1,-7.5,HD3025G_30W
Wed Dec 22 23:28:15 2021,22.1,-7.5,HD3025G_30W
Wed Dec 22 23:28:17 2021,22.1,-7.5,HD3025G_30W
Wed Dec 22 23:28:19 2021,22.1,-7.5,HD3025G_30W
Wed Dec 22 23:28:21 2021,22.0,-7.5,HD3025G_30W
Wed Dec 22 23:28:23 2021,22.1,-7.5,HD3025G_30W
Wed Dec 22 23:28:26 2021,22.1,-7.5,HD3025G_30W
Wed Dec 22 23:28:28 2021,22.1,-7.5,HD3025G_30W
Wed Dec 22 23:28:30 2021,22.1,-7.5,HD3025G_30W
Wed Dec 22 23:28:32 2021,22.1,-7.5,HD3025G_30W
Wed Dec 22 23:28:34 2021,22.1,-7.5,HD3025G_30W
Wed Dec 22 23:28:38 2021,22.1,-7.5,HD3025G_30W
Wed Dec 22 23:28:40 2021,22.1,-7.5,HD3025G_30W
Wed Dec 22 23:28:42 2021,22.1,-7.4,HD3025G_30W
Wed Dec 22 23:28:44 2021,22.1,-7.4,HD3025G_30W
Wed Dec 22 23:28:46 2021,22.1,-7.4,HD3025G_30W
Wed Dec 22 23:28:49 2021,22.1,-7.5,HD3025G_30W
Wed Dec 22 23:28:51 2021,22.1,-7.4,HD3025G_30W
Wed Dec 22 23:28:54 2021,22.1,-7.5,HD3025G_30W
Wed Dec 22 23:28:56 2021,22.1,-7.4,HD3025G_30W
Wed Dec 22 23:28:58 2021,22.1,-7.4,HD3025G_30W
Wed Dec 22 23:29:00 2021,22.1,-7.4,HD3025G_30W
Wed Dec 22 23:29:02 2021,22.1,-7.4,HD3025G_30W
Wed Dec 22 23:29:05 2021,22.1,-7.4,HD3025G_30W
Wed Dec 22 23:29:07 2021,22.1,-7.4,HD3025G_30W
Wed Dec 22 23:29:09 2021,22.1,-7.4,HD3025G_30W
Wed Dec 22 23:29:11 2021,22.1,-7.5,HD3025G_30W
Wed Dec 22 23:29:13 2021,22.1,-7.4,HD3025G_30W
Wed Dec 22 23:29:16 2021,22.1,-7.4,HD3025G_30W
Wed Dec 22 23:29:18 2021,22.1,-7.4,HD3025G_30W
Wed Dec 22 23:29:20 2021,22.1,-7.5,HD3025G_30W
Wed Dec 22 23:29:22 2021,22.1,-7.4,HD3025G_30W
Wed Dec 22 23:29:24 2021,22.1,-7.4,HD3025G_30W
Wed Dec 22 23:29:27 2021,22.1,-7.4,HD3025G_30W
Wed Dec 22 23:29:29 2021,22.1,-7.4,HD3025G_30W
Wed Dec 22 23:29:32 2021,22.1,-7.4,HD3025G_30W
Wed Dec 22 23:29:34 2021,22.1,-7.4,HD3025G_30W
Wed Dec 22 23:29:36 2021,22.1,-7.4,HD3025G_30W
Wed Dec 22 23:29:39 2021,22.1,-7.4,HD3025G_30W
Wed Dec 22 23:29:41 2021,22.1,-7.4,HD3025G_30W
Wed Dec 22 23:29:43 2021,22.1,-7.4,HD3025G_30W
Wed Dec 22 23:29:45 2021,22.1,-7.4,HD3025G_30W
Wed Dec 22 23:29:47 2021,22.1,-7.4,HD3025G_30W
Wed Dec 22 23:29:50 2021,22.1,-7.5,HD3025G_30W
Wed Dec 22 23:29:52 2021,22.1,-7.4,HD3025G_30W
Wed Dec 22 23:29:55 2021,22.1,-7.5,HD3025G_30W
Wed Dec 22 23:29:57 2021,22.1,-7.4,HD3025G_30W
Wed Dec 22 23:29:59 2021,22.1,-7.5,HD3025G_30W
